Actual,Predicted
-0.07607822,-0.020742698
0.040156964,0.009894564
-0.00075731473,0.0018515588
-2.0179737,-1.7075864
0.017785102,0.0018515588
0.044191763,0.014687651
0.03286969,0.016276505
0.036493763,0.008981617
0.0023358266,0.0018515588
-8.323536e-05,0.0018515588
-0.020816265,0.0018515588
-0.013110413,0.0018515588
1.0298462e-05,0.0018515588
0.053542294,0.013880158
-0.0768087,0.0018515588
-0.0025749197,0.0018515588
0.27961645,0.18663873
0.008375357,0.002464817
0.23365659,0.09112571
-0.106660224,-0.08402309
-0.16810307,-0.06461321
-0.0041089375,0.0018515588
0.04565127,0.028505046
-0.0257027,0.0018515588
-0.011748876,0.0018515588
-0.11519984,-0.0366898
0.012092066,0.0018515588
-0.0147142,0.0018515588
0.0042792726,0.0018515588
0.0048831645,0.0018515588
0.35572177,0.3783807
-0.009007191,0.0018515588
0.00025608556,0.0018515588
0.06767265,0.051823672
0.010140165,0.0018515588
-0.52298707,-0.4709462
-0.48405752,-0.35890943
-0.020472016,0.0018515588
0.00023992725,0.0018515588
0.0016295051,0.0018515588
-0.0003948063,0.0018515588
-0.00038723604,0.0018515588
-1.4800504,-1.8552333
-0.041713435,-0.007621674
0.56743735,0.6240871
-0.07792671,0.0011815045
0.0021270516,0.0018515588
-0.013671896,0.0018515588
0.00617772,0.0018515588
0.000221846,0.0018515588
-0.10122034,-0.0050587854
0.005308087,0.0018515588
0.055140197,0.0018515588
-0.38803303,-0.30038238
0.0020017207,0.0018515588
0.026353976,0.026483323
0.008939383,0.0018515588
0.0007276819,0.0018515588
-0.025515128,0.0018515588
0.006111742,0.0018515588
0.0005263431,0.0018515588
-0.14849381,-0.048399128
-0.09479166,-0.019320408
0.009848879,0.0018515588
-0.01158759,0.0018515588
0.028571993,0.0018515588
0.080180526,0.055988114
0.016983397,0.007279118
-0.032428164,0.0018515588
-0.14871234,-0.035704836
-0.066913426,-0.013990806
0.06042126,0.0043989406
-0.0007678615,0.0018515588
0.016639156,0.0018515588
0.010231612,0.0018515588
-0.011036783,0.00833323
-0.2566194,-0.18736395
0.0874748,0.035427075
0.02425796,0.0018515588
-0.17086287,-0.04116936
-0.20344436,-0.17811546
-0.07636067,-0.09929517
0.025027849,0.0018515588
-0.1234685,-0.039388385
-0.024576815,0.0018515588
0.054361254,0.0018515588
0.26788887,0.19249545
0.07953217,0.03876771
-0.4804252,-0.3942265
-0.001570284,0.0018515588
0.0011718137,0.0018515588
-0.00016071172,0.0018515588
-0.035050865,0.0018515588
6.594901e-05,0.0018515588
-0.0028121928,-0.05373582
0.0014840357,0.0018515588
-0.06980476,-0.038695063
-0.1588406,-0.12180632
-0.06355615,0.0018515588
0.021586036,0.0018515588
-0.0061385944,0.0018515588
-0.029976495,0.0018515588
0.20715493,0.15344723
-0.089663096,-0.046304993
0.059931785,0.021024747
-0.13883187,0.0018515588
-0.19269969,-0.07027868
-0.17698225,-0.06537096
0.021686034,0.022501463
0.069519244,0.0018515588
-0.00024852608,0.0018515588
0.33604968,0.20212625
0.079632156,0.02901888
0.04166722,0.0018515588
-1.5318879,-1.5482612
0.09425592,0.034080744
0.015717374,0.0059790723
0.0041237795,0.0018515588
-0.0770052,-0.0031902897
-0.25230077,-0.25710037
-0.00020971603,0.0018515588
-0.002865246,0.0018515588
0.038045734,0.028167348
0.096359245,0.04531143
0.0047346284,0.009663915
0.031545855,0.024400083
-0.032512907,0.0018515588
0.003273833,0.0018515588
-0.04079353,0.0018515588
-0.010573606,0.0018515588
0.07881225,0.068524875
-0.025998015,0.0018515588
-0.026687387,0.0018515588
-0.021239344,0.0018515588
0.2522417,0.17951158
-0.3254433,-0.27185464
0.02913996,0.008156012
0.09398124,0.078412265
0.053442717,0.049595498
0.09344335,0.06642709
0.038521077,0.039567765
0.0022143808,0.0018515588
-0.0018533464,0.0018515588
0.018212646,0.0018515588
0.02268111,0.0018515588
0.03534224,0.0018515588
0.1113514,0.07887945
0.07695922,0.0018515588
-0.00024318624,0.0018515588
-0.08576098,-0.039328277
-0.0012955712,0.0018515588
0.10165702,0.0018515588
0.0060942257,0.007241522
0.008990752,0.0018515588
0.12376162,0.039445363
0.14573444,0.09616647
-0.019369595,-0.012691593
-0.15962356,-0.0885287
-0.034253303,-0.007491787
-0.09807691,-0.002085466
0.056551028,0.010128365
-0.0044700326,0.0018515588
0.025593676,0.0019513923
-0.03391613,0.0018515588
0.07282363,0.027159195
0.0045555285,0.0018515588
0.03656144,0.0018515588
0.0006464369,0.0018515588
0.0025378403,0.0018515588
0.0035079357,0.0018515588
0.0785481,0.053054556
-0.0075022154,0.0018515588
-0.11395645,-0.013252486
-0.04399967,0.0018515588
0.0101461,0.007443194
-0.11876113,-0.009412868
-0.011614668,0.0018515588
-0.031476673,0.0018515588
-0.0066916775,0.0018515588
-0.0037046254,0.0018515588
0.027031614,0.0018515588
0.003850536,0.0018515588
-0.008349615,0.0018515588
0.00018268786,0.0018515588
0.6626886,0.36161748
0.031989712,0.025687654
-0.014802558,0.0018515588
-0.078222826,0.0018515588
-0.024353966,0.0018515588
0.057299595,0.0018515588
-2.3595005e-05,0.0018515588
0.062574536,0.014313815
-0.0193377,0.0018515588
-0.0045956187,0.0018515588
-0.0021774194,0.0018515588
-7.380957e-05,0.0018515588
-0.11120778,-0.043168627
0.00022340553,0.0018515588
0.31301886,0.16649638
-0.09121584,-0.0126369
-0.11759929,-0.024338411
0.005545601,0.0018515588
-0.10932021,0.0018515588
-0.18561737,-0.15696381
-0.37148875,-0.3581065
-0.01574389,0.0018515588
0.00031433353,0.0018515588
0.08175655,0.044401977
0.005772436,0.0018515588
-0.033822693,0.0018515588
0.015252217,0.0018515588
-0.040944293,0.0018515588
0.102974564,0.049835842
2.0049485e-05,0.0018515588
-0.3223209,-0.1776669
-0.040477067,0.0018515588
-0.00061490585,0.0018515588
0.014187509,0.0018515588
0.0021362249,0.032117542
-0.121761866,-0.08716611
-0.07732022,0.0018515588
-0.010853115,0.0018515588
-0.0016102757,0.0018515588
-0.03855855,0.0018515588
-0.23239686,-0.15108427
0.07024745,0.040150657
-0.017183451,0.0018515588
0.00046448564,0.0018515588
-0.35049993,-0.35303804
0.035356183,0.0140147945
-0.00062256394,0.0018515588
-0.30696133,-0.31382447
-2.0377312e-05,0.0018515588
-0.17738968,-0.010291434
-0.040594872,0.0018515588
0.020764844,0.0018515588
0.008226204,0.0018515588
0.02475528,0.010896514
-0.03072677,0.0018515588
0.009198748,0.0018515588
0.0098093,0.0018515588
-0.033538178,0.0018515588
0.011283337,0.0037390734
0.049070355,0.028209006
0.06571571,0.03171168
0.09900753,0.03804331
0.018925207,0.0018515588
0.020195672,0.0018515588
-0.025164384,0.0018515588
-0.010829332,0.0018515588
-0.3584687,-0.22902063
-0.44017196,-0.40673345
-0.022158667,0.0018515588
-0.0031141702,0.0018515588
0.0057387296,0.0018515588
0.02756312,0.007594315
-0.03616792,0.0018515588
0.06782356,0.02741445
0.24461244,0.11972928
0.009874754,0.0018515588
-0.7337948,-0.69477165
-0.00044170683,0.0018515588
-0.008677932,0.0018515588
0.06577543,0.0473641
0.11779862,0.045484483
0.21103165,0.06757296
-0.030609125,-0.0018171495
0.053365123,0.016844524
-0.036931247,0.0018515588
-0.08481017,-0.0024533258
0.20925485,0.19251105
0.28344044,0.17149745
-0.0175594,0.0018515588
0.011856762,0.020922532
4.7629335e-05,0.0018515588
-0.004040664,0.0018515588
-0.08189876,-0.0039052423
-0.0150283985,0.0018515588
0.14220363,0.0018515588
-0.14697915,-0.094813876
-0.03697669,0.0018515588
0.02761321,0.022725327
1.7733264,1.9882046
-0.0011234073,0.0018515588
0.0011471511,0.0018515588
-0.38445157,-0.4783662
0.007890747,0.0018515588
-0.009520897,0.0018515588
0.03236808,0.015894188
0.0070773456,0.0018515588
-0.033252694,0.0018515588
-0.58940756,-0.59574306
0.056981742,0.0018515588
-2.9556706,-2.9615774
0.021207822,0.017415714
0.010937096,0.0018515588
0.00052982627,0.0018515588
1.6672071e-05,0.0018515588
-0.00079542724,0.0018515588
0.008615095,0.0018515588
0.0003665338,0.0018515588
-0.09424573,-0.010973068
-0.0016689457,0.0018515588
0.031534348,0.01865472
0.00028330754,0.0018515588
-0.35887933,-0.34264332
-0.042848866,0.0018515588
-0.11531725,-0.04740031
0.25339103,0.09766308
0.260792,0.112082645
-0.3560536,-0.070191935
-0.0030877874,0.0018515588
-0.0010457775,0.0018515588
-0.90071195,-1.0448782
0.06814665,0.03444956
0.036761306,0.02319862
0.022991478,0.0018515588
0.072783075,0.032706637
-0.0039171674,0.0018515588
0.0014895507,0.0018515588
0.053372648,0.0363898
0.015922422,0.0018515588
-0.020919625,-0.020568406
0.007978187,0.0018515588
-0.04552949,0.0018515588
-0.018466318,0.0018515588
-0.023505405,0.0018515588
-0.019543175,0.019378522
-0.13641907,-0.07940951
0.0071112616,0.0018515588
-0.013589847,0.0018515588
0.07772844,0.06788077
0.026510457,0.0018515588
-0.09273001,-0.018389037
0.00073288503,0.0018515588
0.036624756,0.021881232
8.6227585e-05,0.0018515588
-0.037701096,0.0018515588
-0.09013728,-0.115860164
0.14695461,0.07616857
0.042645108,0.020026824
-0.010093447,0.0018515588
-0.032598473,0.0018515588
0.0011544188,0.0018515588
-0.0029020787,0.0018515588
-0.00034661219,0.0043285843
-0.14453226,-0.07837749
0.12698263,0.01049449
5.4850883e-05,0.0018515588
-0.02151548,0.0018515588
0.0050680647,0.0018515588
0.043664232,0.018543629
0.0033627837,0.0018515588
0.0001773278,0.0018515588
0.28527418,0.17736278
0.004409361,0.0018515588
0.0004101116,0.0018515588
0.059161566,0.029029196
0.07304093,0.0018515588
0.015891362,0.0018515588
-0.0043036724,0.0018515588
0.03952158,0.02174543
-0.058924,0.0018515588
0.041472144,0.015925048
-0.020270627,0.0026510493
-0.010677814,0.0018515588
0.00080279534,0.0018515588
-0.016853571,0.0018515588
0.16983965,0.12915866
-0.0049880855,0.0018515588
-0.34060067,-0.36294755
0.011235138,0.005388091
-0.0035967624,0.0018515588
-0.00080182817,0.0018515588
-0.62300885,-0.60867923
-0.021017823,0.0018515588
0.00065246393,0.0018515588
-0.034051146,-0.043411955
-0.03130777,0.0018515588
0.05187642,0.0018515588
-0.07537115,0.0018515588
-0.06231803,0.0018515588
-0.96956074,-0.99286383
0.07643764,0.04627472
-0.0003016958,0.0018515588
0.039595954,0.02504266
0.018173378,0.017995711
-0.33790627,-0.24736342
-0.05136772,-0.0035079648
0.27808583,0.22554977
-0.15074505,-0.04242296
-0.021198874,0.0018515588
0.005834131,0.0018515588
-0.037976995,0.0018515588
0.0057251425,0.0018515588
-0.0023847471,0.0018515588
0.10201854,0.0036240062
-0.10798485,-0.03831502
-0.028011305,-0.004149041
0.017923927,0.0018515588
-0.0299627,0.0018515588
-0.21518739,-0.032031186
0.0071626683,0.0018515588
0.0012965525,0.0018515588
-0.00094942306,0.0018515588
0.013332369,0.0018515588
0.015696159,0.0018515588
-0.05166614,0.0018515588
-0.0005415468,0.0018515588
-0.02011469,0.0018515588
-0.002827028,0.0018515588
0.0956476,0.04777166
-0.05486685,0.0018515588
-0.020405045,0.0018515588
0.121228546,0.10030947
-0.18183641,-0.16189499
0.079283975,0.0018515588
0.40219823,0.4737619
-0.11799843,-0.054013193
-0.2502304,-0.03705852
-0.0066987155,0.0018515588
-0.009335313,0.0018515588
0.054907188,0.022771524
0.12832463,0.057553645
0.0059859343,0.0018515588
-0.22968213,-0.23329394
-0.11961268,-0.0035463287
-0.33197448,-0.25124732
-0.038294904,0.0018515588
-0.027437158,-0.031833917
-0.2374832,-0.08526666
0.045116153,0.03882525
0.01941219,0.025808
-0.0022642177,0.0018515588
-0.36463413,-0.38889104
-0.0036787915,0.0018515588
0.098574586,0.06289291
-0.039976176,0.0018515588
0.0073837116,0.0018515588
0.20179248,0.15501101
0.00065983145,0.0018515588
-0.0053477273,0.0018515588
-0.058047228,0.0018515588
0.037142854,0.0018515588
0.07888473,0.045561235
0.06979437,0.070258886
-0.045107357,0.0018515588
0.0054899123,0.0018515588
-0.026521929,0.0018515588
-0.44714457,-0.49918818
0.19516084,0.14449216
0.054563504,0.036097497
-0.0004668359,0.0018515588
-0.008403394,0.0018515588
0.060611412,0.026134865
0.0684627,0.0018515588
-0.020504655,-0.02132341
0.0086643025,0.0018515588
0.02925191,0.0018515588
0.0026428467,0.0018515588
-0.04688308,0.0018515588
0.200491,0.10753239
0.0009819849,0.0018515588
0.0022624265,0.0018515588
-0.013692216,0.0018515588
0.0011228208,0.0018515588
0.14607498,0.107400015
-0.060634628,0.0018515588
-0.038502213,0.0018515588
0.030198554,0.0018515588
-1.0819337,-1.0112491
-0.0038322385,0.0018515588
-0.027964871,0.0018515588
0.27681088,0.3154209
-0.023530995,0.0018515588
0.02564292,0.0018515588
0.021732626,0.0018515588
0.0128044,0.0018515588
0.0070169563,0.048293345
-0.015534804,0.0018515588
0.14458008,0.08525934
0.0040862053,0.0018515588
-0.0037623139,0.0038322238
-0.0061469455,0.0018515588
-0.005168816,0.0018515588
-0.0009784404,0.0018515588
-0.00037215702,0.0018515588
0.077170216,0.031745486
0.060135365,0.028424455
0.1408991,0.073797904
0.10136158,0.0018515588
0.0009195006,0.0018515588
0.28988814,0.41222942
0.013910581,0.0018515588
-0.006774531,0.0018515588
-0.23071936,-0.19323765
-0.0920398,-0.012745145
0.03568908,0.0018515588
0.000992572,0.0018515588
-0.2684396,-0.34494507
0.13676749,0.04684824
0.013197254,0.0018515588
-0.012905047,0.0018515588
-0.0019188466,0.0018515588
0.0415485,0.0018515588
-0.015189374,0.0018515588
0.044689283,0.059821043
-0.03315079,0.0018515588
-0.09130764,-0.016670113
-0.06370756,-0.07010387
-0.068292744,0.0018515588
0.03746189,0.0018515588
0.0008590864,0.0018515588
-0.14239223,-0.06828344
0.081190474,0.037333574
-0.040656358,0.0018515588
-0.21297567,-0.11310495
0.14722914,0.09300273
-0.12177748,-0.02742411
-0.016415484,0.0018515588
-0.26897037,-0.21437371
0.16051696,0.11353575
0.0056784963,0.0018515588
0.01038194,0.0018515588
0.09611739,0.0018515588
0.04643774,0.066252284
0.2212488,0.13347025
-0.016948838,0.0018515588
0.0028527358,0.00558613
-0.006923595,0.0018515588
-0.0024117928,0.0018515588
0.014772137,0.0018515588
-0.030061154,-0.007995342
0.0043975017,0.0018515588
0.05420811,0.0018515588
-0.11246934,-0.020946668
-0.02284256,0.0018515588
0.005018175,0.0018515588
-0.6292546,-0.6741726
0.013434042,0.0018515588
0.0010766872,0.0018515588
-0.17465228,-0.057848055
-0.06338979,0.0018515588
0.02030279,0.0018515588
0.013098565,0.0018515588
-0.027941145,0.0018515588
0.7196177,0.6587839
-0.0022216619,0.0018515588
-0.06302207,-0.0075892443
0.081152394,0.009431827
-0.028210955,0.0018515588
-0.009644979,0.0018515588
-0.04482657,0.0018515588
0.028937131,0.0150163
-0.027756823,0.0018515588
-0.21498482,-0.17744792
0.115127794,0.0018515588
0.098178156,0.028813714
-0.097806744,-0.008683158
-0.007634409,0.0018515588
0.1816784,0.11947783
0.030531606,0.0018515588
-0.0013316049,0.0018515588
0.044695735,0.0018515588
0.030845685,0.011893084
0.113451526,0.07597196
0.014391083,0.0018515588
0.3511199,0.22322752
0.063987195,0.032115247
0.00033804044,0.0018515588
-0.040348537,0.0018515588
0.0739514,0.0018515588
-0.038104806,0.0018515588
-0.00028110514,0.0018515588
0.04434588,0.0096321795
0.069311865,0.041764922
-0.013842048,0.0018515588
-0.05084332,0.0018515588
-0.12047859,0.0018515588
-0.06456892,0.0018515588
0.00021420621,0.0018515588
0.0011738915,0.0018515588
-0.20359752,-0.1031739
0.0014998908,0.0018515588
-0.14467002,-0.12950055
-0.021354895,0.0018515588
0.08563418,0.0018515588
0.00010717778,0.0018515588
0.124348566,0.065414205
0.00016444986,0.0018515588
-0.27690196,-0.22780521
0.27822924,0.109490626
0.069942944,0.022310177
0.043645762,0.050452117
0.01869643,0.0018515588
0.01627793,0.0018515588
-0.45115563,-0.33332774
-0.010691507,0.0018515588
0.024366144,0.021931902
-0.088010244,0.0018515588
-0.11181445,-0.0020106267
0.07829982,0.046089157
-0.0034694711,-0.028128333
-0.0002237044,0.0018515588
-0.010786466,0.0018515588
-0.004934479,0.0018515588
0.074148394,0.042199302
0.0100242,0.022064362
0.109536014,0.09467486
0.055591695,0.037302695
-0.0042685093,0.0018515588
-0.022459991,0.0018515588
-0.024459658,0.0018515588
-0.020296874,0.0018515588
-0.10350074,0.0018515588
-0.017508604,0.0018515588
-0.047684845,0.0018515588
0.038810406,0.0018515588
0.03387037,0.018526647
0.006107218,0.0018515588
-0.076509506,0.0018515588
-0.00796887,0.0018515588
-0.03245374,0.0018515588
-0.017310355,0.0018515588
-0.11114008,0.0018515588
-0.04555901,-0.04786999
0.015620874,0.0045006764
-0.05921942,0.0018515588
-0.13592967,-0.05963839
-0.056955505,-0.0032119062
-0.07864074,-0.0044272803
-0.013500539,0.0018515588
-0.16695617,-0.08898734
-0.6655186,-0.6219394
-0.01811276,0.0018515588
-0.00015966187,0.0018515588
0.011945543,0.0018515588
0.06679833,0.0699983
-0.116213605,-0.07199574
0.30167845,0.20212638
0.10250748,0.034518085
-0.2618706,-0.23302805
-0.06260498,0.0018515588
0.102401696,0.060257304
-0.02210157,-0.0139628425
-0.0017539342,0.0018515588
0.079983026,0.03317825
0.06036834,0.054571886
0.029535802,0.010232414
0.29076025,0.1451886
-0.0005352759,0.0018515588
0.043565933,0.0058096074
0.024825392,0.027500987
-0.003993416,0.0018515588
0.26241404,0.2112024
-0.0007837629,0.0018515588
0.22758423,0.19024864
0.20591792,0.16808783
-0.014408509,0.0018515588
-0.18984997,-0.15014485
-0.03319436,0.0018515588
-0.038436756,0.0018515588
-0.0065040183,0.0018515588
55.540882,19.077938
-1.6405438e-05,0.0018515588
0.07455405,0.0075567877
-0.02051969,0.0018515588
0.0006858373,0.0018515588
-0.039415695,0.0018515588
-0.035213195,0.0018515588
0.018569587,0.0018515588
0.10229318,0.036620088
-0.08605263,0.0018515588
-0.031555858,0.0018515588
-0.60244,-0.61714596
-0.015877798,0.009720018
0.038966823,0.04970201
0.02440173,0.02261672
0.022868961,0.0018515588
0.14206657,0.1403088
0.00023108335,0.0018515588
0.0139518855,0.0018515588
0.08171561,0.04960895
-0.109859094,0.0018515588
-0.03532494,0.0018515588
-0.070009425,-0.01811416
0.0042041386,0.0018515588
-1.0056589,-1.3518479
-0.06363343,-0.007088661
-0.015097321,0.0018515588
0.0077345017,0.0018515588
-0.4099042,-0.52675223
0.0030676192,0.0018515588
-0.021442695,0.0018515588
-0.062475402,-0.011275491
-0.08940685,-0.04573858
0.0009337628,0.0018515588
0.013035399,0.0018515588
-0.051313665,0.0018515588
-0.180518,-0.14290918
0.03218024,0.0018515588
-0.013196281,0.0018515588
-0.009290879,0.0018515588
-0.014907302,0.0018515588
0.0047210422,0.0018515588
0.14441758,0.115837656
-0.012335557,0.0018515588
-0.0048330515,0.0018515588
0.01281363,0.0018515588
0.22981073,0.16456905
-0.005915215,0.0018515588
0.22569342,0.14041612
0.14195721,0.051645596
0.009819114,0.008574383
-0.014026327,0.0018515588
0.011145547,0.0018515588
0.65063804,0.6534344
-0.00056047714,0.0018515588
0.016405292,0.0018515588
-0.020512512,0.0018515588
-0.00023227154,0.017123548
-0.0007569694,0.0018515588
0.0010397759,0.0018515588
-0.018796194,0.0018515588
-0.0030003286,0.0018515588
-0.042121053,0.0018515588
0.15703368,0.15280223
-0.16286197,-0.12378086
0.043521985,0.0018515588
0.0022611674,0.0018515588
-0.09062178,-0.014824742
0.13574167,0.0018515588
0.23227428,0.16044013
0.1365261,0.029922608
-0.0068267225,0.0018515588
-0.011643549,0.0018515588
-0.0066252234,0.0018515588
0.022421576,0.0018515588
0.032551784,0.025376689
0.08903588,0.026913982
-0.016774517,0.0018515588
0.044762895,0.01819375
-0.07995983,-0.011237087
0.010771558,0.0018515588
0.21132721,0.12102105
0.026358228,0.02134039
0.011280463,0.0018515588
0.09640322,0.11320225
-0.17259327,-0.08090663
0.012480209,0.0018515588
-0.0091392845,0.0018515588
-0.07364139,-0.002976066
0.007066233,0.0018515588
-0.00016468596,0.0018515588
0.0010693863,0.0018515588
0.12108139,0.11735243
0.11043428,0.034625836
-0.007941216,0.0018515588
-0.00017184702,0.0018515588
0.0057978295,0.0018515588
-0.026129112,0.0018515588
0.2204264,0.19807297
0.008957428,0.0018515588
0.026770063,0.0018515588
-0.044709604,0.0018515588
-0.0062813363,0.0018515588
-0.06352354,0.0018515588
-0.003501284,0.0018515588
0.0022825415,0.0018515588
0.0013818549,0.0018515588
0.0052734525,0.0018515588
0.021523887,0.01861094
0.038218133,0.0018515588
7.50583e-05,0.0018515588
0.0038787278,0.0018515588
0.0020535623,0.0018515588
-0.055987317,0.0018515588
-0.10303866,-0.06258091
0.047694433,0.025233604
-0.0075728744,0.0018515588
-0.0049493485,0.0018515588
-0.14294255,-0.019232742
0.040925365,0.0018515588
0.06336606,0.07765635
0.0006907955,0.0018515588
-0.16241887,0.0018515588
-0.027303718,0.0018515588
-0.21980879,-0.19450676
0.05974655,0.0029546968
0.16931264,0.06956353
-0.0061570094,0.0018515588
-0.0024607608,0.0018515588
-0.0008846715,0.0018515588
-0.010782459,0.0018515588
-0.20185964,-0.1109539
-0.018889623,0.0018515588
0.0023000203,0.0018515588
0.0020078484,0.0018515588
0.10278538,0.052928813
-0.023394428,0.0018515588
-0.00058598374,0.0018515588
0.056862056,0.019715192
-0.124122776,0.0018515588
-0.013892598,0.0018515588
0.010315207,0.0018515588
0.2514847,0.16504203
-0.045121863,0.0018515588
-0.002335613,0.0018515588
-0.034638476,0.0018515588
-0.011506155,0.0018515588
-0.007503519,0.0018515588
0.0033930931,0.0018515588
0.043947667,0.0077128094
0.010437073,0.0018515588
0.042587683,0.010835048
-0.22398439,-0.2369611
-0.03800755,0.0018515588
-0.015428643,0.0018515588
-0.035558492,0.0018515588
-0.0037828293,0.0018515588
0.12864092,0.047615122
-0.047882557,0.0018515588
0.041986763,0.01973661
0.1340068,0.12830502
0.026812956,0.024943015
0.023040568,0.0018515588
0.008517975,0.0018515588
0.034125656,0.0018515588
0.08013428,0.10601873
0.01931664,0.026373534
0.00083253183,0.0018515588
-0.006044577,0.0018515588
0.0024291826,0.0018515588
-0.0009744652,0.0018515588
3.9183662e-05,0.0018515588
0.0025378852,0.0018515588
-7.842617e-05,0.0018515588
-0.05043775,0.0018515588
-0.0041550724,0.0018515588
-0.23592944,-0.17608872
0.06821509,0.05788752
0.13206935,0.03686366
0.02946489,0.015305604
0.060272243,0.026099274
0.09527915,0.05376813
0.00041290326,0.0018515588
0.0058136587,0.0018515588
0.0034404397,0.0018515588
0.011358738,0.0018515588
-0.05099627,0.0018515588
0.063436456,0.0018515588
0.029055182,0.0018515588
0.0002940724,0.0018515588
0.030525748,0.022730947
-0.11748684,-0.04792976
0.06635798,0.029468287
-0.020463599,0.0018515588
0.0137132825,0.0018515588
-0.0030357547,0.0079282075
0.014220688,0.0018515588
0.20467299,0.11853707
-0.13606814,-0.058274124
-0.01255908,0.0018515588
0.065667845,0.040381905
-0.14432944,-0.07374043
0.05178847,0.0049556503
0.00062745815,0.0018515588
-0.09001372,-0.0832163
5.8200385e-05,0.0018515588
0.09802388,0.04119761
0.09110674,0.027164541
-0.010545733,0.0018515588
0.026076667,0.0018515588
-0.010975391,0.0018515588
-0.06015828,0.0018515588
-0.0047313003,0.0018515588
-0.032644104,0.0018515588
0.004390358,0.0018515588
-0.42830467,-0.39523077
-0.058880102,0.0018515588
0.009592747,0.0018515588
-0.0034432388,0.0018515588
-0.0021539459,0.0018515588
0.05700698,0.030303247
0.0026661404,0.0018515588
-0.017445737,0.0018515588
-0.4311786,-3.706664e-05
-0.0053060516,0.0018515588
0.0008400217,0.0018515588
0.025823968,0.0018515588
-0.00012061573,0.0018515588
-0.005229915,0.0018515588
2.0599658,2.3875773
0.00246183,0.0018515588
-0.0051947855,0.0018515588
0.040047716,0.0018515588
-0.02176564,0.0018515588
0.00091946527,0.0018515588
0.06531829,0.027230326
-0.07618006,0.0018515588
-0.005279546,0.0018515588
0.1046055,0.06625926
-0.050209448,0.0018515588
-0.11566477,-0.099665515
-0.2586192,-0.14727564
-0.024120675,0.0018515588
-5.3689764e-05,0.0018515588
-0.010527155,0.0018515588
0.004876533,0.0018515588
-0.24400343,-0.31223804
0.026907649,0.0018515588
0.0027080346,0.0018515588
-0.07867475,0.0018515588
0.026680497,0.0018515588
-0.00576727,0.0018515588
0.08040038,0.052708875
0.0015438086,0.0018515588
0.22471987,0.14249563
-0.018820863,0.0018515588
0.034171686,0.031367727
0.023858543,0.0018515588
0.22351694,0.12800963
-0.013795437,0.0018515588
-0.0017506792,0.0018515588
0.024632215,0.016083075
0.063774,0.0018515588
0.0034918822,0.0019519235
0.007537629,0.0031776
-0.15459481,-0.14996627
-0.08039781,0.00053047424
-0.09265639,-0.00790182
0.05915698,0.048036356
0.03496324,0.0018515588
0.011060511,0.0018515588
0.11117846,0.0018515588
0.008252771,0.0018515588
-0.10307558,-0.027356729
-0.33331928,-0.41449466
0.005273687,0.0018515588
-0.006025276,0.0018515588
-0.006117212,0.0018515588
0.024078107,0.0018515588
0.045676883,0.041746125
-0.06576001,0.0018515588
-0.20164505,-0.14761613
-0.048142478,0.0018515588
-0.12535416,-0.004541206
0.011212843,0.0019072846
0.064430304,0.03439534
-0.17875242,-0.12706582
0.10883029,0.07652828
0.0049341535,0.0018515588
-0.04517611,0.0018515588
0.017527414,0.0018515588
-0.051291406,0.0018515588
-0.015424317,0.0018515588
-0.0804748,-0.015701002
-1.2408097,-1.0337945
-0.0062656053,0.0018515588
-0.017346121,0.0018515588
-0.30137518,-0.3692286
-0.012860388,0.0018515588
-0.009006502,0.0018515588
-0.081185244,-0.03880292
0.023587635,0.0018515588
-0.23318836,-0.13010156
-0.037400633,0.0018515588
-0.3277355,-0.25167865
-0.0035445625,0.0018515588
-0.00053969165,0.041418713
0.05136613,0.025047561
0.023522021,0.0035936586
0.07753367,0.019555347
0.06966835,0.05342039
-0.1468575,0.0018515588
-0.0042987852,0.0018515588
0.013429547,0.0018515588
0.04718259,0.022081448
-0.0068920427,0.0018515588
0.0026066771,0.0018515588
-0.05809033,0.0018515588
0.0041339924,0.0018515588
-0.00022381426,0.0018515588
0.0006478598,0.0018515588
-0.025195519,0.0018515588
-0.11761074,-0.056081213
-0.77949923,-0.77481025
0.044126306,0.02125776
-0.03489177,0.0018515588
0.14256203,0.12340119
0.11243994,0.060167532
0.000657941,0.0018515588
-0.048207264,-0.0058955997
0.0011036814,0.0018515588
0.0011082656,0.0018515588
0.27546388,0.17639557
-0.00011758428,0.0018515588
-0.013811571,0.0018515588
-0.006010613,0.0018515588
0.008372022,0.0018515588
-1.4261568,-1.5025522
0.13500494,0.049975827
-0.01887246,0.0018515588
0.0005449805,0.0018515588
0.19067636,0.14624219
0.03339055,0.0018515588
-0.12379497,-0.06849387
0.037893757,0.034058537
0.06456494,0.031134628
0.003346188,0.0018515588
2.9092274e-05,0.0018515588
0.00033842275,0.0018515588
-0.019914588,0.008048398
0.372214,0.32114112
-0.082760386,-0.0025617173
0.0004315678,0.0018515588
0.008166865,0.002284702
0.12368791,0.078867085
0.007886607,0.0018515588
0.0478265,0.040163066
0.022867491,0.00567378
0.0005800255,0.0018515588
0.019114759,0.0018515588
0.2921464,0.22978866
0.0009522085,0.0018515588
-0.011968867,-0.0025907382
-0.46751806,-0.42507836
-0.16139898,0.0018515588
0.004012867,0.0018515588
-0.009135637,0.0018515588
0.014929658,0.0018515588
-0.05091625,0.0018515588
0.08096187,0.034203522
-0.8834759,-0.7738104
0.23797229,0.17615642
-0.15675163,-0.07210414
-0.12887532,-0.051855072
-0.023336701,0.0018515588
-0.00020469973,0.0018515588
0.047703985,0.008774667
-0.089303285,-0.087439775
0.30074236,0.12913515
0.35826886,0.05079696
-0.025853021,0.0018515588
-0.062836654,0.0018515588
0.00011180885,0.0018515588
-0.0038837444,0.0018515588
-0.015487863,0.0018515588
-0.12866469,-0.04533778
0.00027753942,0.0018515588
1.2154,1.4334416
-0.057038207,0.0018515588
0.039862145,0.02449493
0.005846978,0.0018515588
0.0031372148,0.0018515588
-0.00044138767,0.0018515588
0.0009233074,0.0018515588
-0.045940757,0.0018515588
-0.33713353,-0.21396932
0.06190781,0.034841612
0.035880998,0.0018515588
0.0006081573,0.0018515588
-0.19071054,-0.15842637
0.11913375,0.0018515588
-0.0029806872,0.0018515588
0.11563396,0.09559785
0.05001231,0.0097261695
-0.0004271764,0.0018515588
4.445143,2.0572877
-9.35597e-05,0.01854267
0.005325263,0.009530907
-0.0067829085,0.0018515588
-0.39191467,-0.28217563
0.023798656,0.0046905074
0.030061448,0.0018515588
0.05644095,0.0018515588
-0.41753665,-0.38455468
0.03512842,0.0018515588
0.040740687,0.011826495
0.37104583,0.20588182
0.057963617,0.06544998
-0.42686173,-0.2413856
-2.7331122e-05,0.0018515588
-0.01171248,0.0016693368
0.0052723656,0.0018515588
0.3014848,0.18484865
0.031422146,0.0018515588
0.0009361492,0.0018515588
0.008654778,0.0018515588
0.0007676133,0.0018515588
-0.031834126,0.0018515588
-0.080624275,-0.00981965
0.03282676,0.0056948396
0.022334788,0.0018515588
0.0075652828,0.0018515588
0.05659598,0.020119168
-2.7153912e-05,0.0018515588
0.037237067,0.013718173
0.139724,0.12736766
0.08701765,0.09850212
0.058347873,0.0018515588
-0.02322466,0.0018515588
-0.14954315,-0.026836881
0.14904794,0.064583234
-0.0079338625,0.0018515588
-0.0025045874,0.0018515588
-0.00012793312,0.0018515588
-0.012900958,0.0018515588
-0.0006719806,0.0018515588
0.06403237,0.003073054
0.01801288,0.013657889
0.01065083,0.0018515588
-0.003488851,0.0018515588
0.013754733,0.0018515588
0.009081897,0.0018515588
-0.05743363,-0.0013589232
-0.1702165,-0.113083884
0.0038929936,0.014641984
0.025518002,0.0018515588
-0.17221044,-0.097673446
-0.009199528,0.0018515588
-0.0070785973,0.0018515588
-0.0044089695,0.0018515588
2.524973e-05,0.0018515588
-0.010890884,0.0018515588
0.1814735,0.0018515588
0.000266582,0.0018515588
-0.00024345737,0.0018515588
-0.015527037,0.0018515588
0.0009002379,0.0018515588
0.073265225,0.037038103
-0.41915876,-0.36689717
0.00036817364,0.0018515588
-0.032006867,0.0018515588
-0.06307417,0.0018515588
0.00022025734,0.0018515588
0.085931815,0.041228108
0.017514795,0.0018515588
-0.004353812,0.0018515588
0.24425535,0.11007691
-0.03688359,0.0018515588
0.27171502,0.2030448
0.00063536246,0.0018515588
-0.0024130077,0.0018515588
-0.02834783,0.0018515588
-0.07839809,-0.0077422233
-0.029355137,0.0018515588
0.024164286,0.040260926
0.020091802,0.0018515588
-0.056399435,0.0018515588
-0.025243387,0.0018515588
0.06269408,0.06531096
-0.024164563,0.0018515588
0.006920087,0.0018515588
0.015500772,0.0018515588
-0.074864924,-0.07211384
-0.13762778,-0.10083326
-0.033830278,0.0018515588
-0.0715654,-0.017083956
0.008496999,0.0018515588
0.0039554453,0.0018515588
-0.045443684,0.0018515588
0.05191308,0.022261288
0.012482236,0.0018515588
-0.010700077,0.0018515588
-0.23019728,-0.22201103
-0.008746692,0.0018515588
0.015857944,0.0018515588
0.023486301,0.0018515588
-0.02084255,0.0018515588
-0.6253951,-0.8339226
-0.068531245,0.0018515588
0.00083982665,0.0018515588
-0.31900132,-0.24512371
0.02468936,0.0018515588
-0.035451394,0.0018515588
0.06349476,0.053691875
-0.0049847583,0.0018515588
-0.018508779,0.0018515588
2.344926,1.9128892
-0.00037498507,0.0018515588
0.062164728,0.02599764
0.018657597,0.0018515588
0.0005430925,0.0018515588
0.13292184,0.056696013
-0.0014599419,0.0018515588
0.019308066,0.009448363
-0.03249456,0.0018515588
-0.0023642236,0.0018515588
0.0022140972,0.0018515588
0.0088372165,0.0018515588
-1.0118929,-0.87839353
0.01570784,0.028523501
0.082730584,0.03404303
0.00061919517,0.0018515588
-0.22935559,-0.14796542
0.10408965,0.07107322
0.00092394947,0.0018515588
-0.028191082,0.0018515588
-0.008107599,0.0018515588
-0.29991642,-0.29517853
-0.085368276,-0.0067701703
0.004682324,0.0018515588
0.04877605,0.028589953
0.08791018,0.03323423
1.4646231e-05,0.0018515588
-0.7734534,-0.77633214
0.042980395,0.005178382
-0.00017837003,0.0018515588
0.022649648,0.0018515588
-0.15095578,-0.02774615
0.00047111543,0.0018515588
0.017542642,0.011270847
-0.23829596,-0.166764
0.0035847193,0.0018515588
-0.033220965,0.0069539654
-0.0659773,-0.023314286
0.09756979,0.060575448
0.0011048843,0.0018515588
0.09247468,0.054952472
0.0016319966,0.0018515588
0.00010404693,0.0018515588
-0.010746226,-0.0012444727
0.0016174532,0.0018515588
0.070074715,0.049265373
-0.0004413447,0.0018515588
0.10315429,0.0018515588
-0.0066284654,0.0018515588
-0.012047062,0.0018515588
-0.01749486,0.0018515588
0.029802782,0.020447372
-0.014875897,0.0018515588
-0.049872298,0.0018515588
0.0006649037,0.0018515588
-0.03356227,0.0018515588
-0.101621315,0.0018515588
-0.047085885,0.0016493924
0.045943446,0.028831705
-0.058923803,0.0018515588
-0.007830875,0.0018515588
-0.012648682,0.0018515588
-0.00011223595,0.0018515588
-0.0969815,-0.024595743
0.111001976,0.094819024
0.015926955,0.0018515588
-0.0077638035,0.0018515588
0.09617227,0.036364593
0.0053261006,0.0018515588
0.020436594,0.0018515588
0.095926926,0.027073037
0.082468435,0.03789215
-0.054672576,0.0018515588
-0.42438078,-0.38779622
-0.0058880756,0.0018515588
-0.0032684258,0.0018515588
-2.6678415e-05,0.0018515588
-0.1120156,-0.022153946
0.0071156304,0.0018515588
8.222246e-05,0.0018515588
-0.03544471,0.0018515588
0.026484203,0.013138501
0.038545016,0.0018515588
-0.05138206,0.0018515588
-0.017224884,0.0018515588
-0.3000146,-0.275195
-0.061873008,0.0018515588
0.1553529,0.056176163
-0.0030853357,0.0018515588
-0.116401516,-0.02514785
-5.306279e-06,0.0018515588
0.05227842,0.014902329
0.023206549,0.0018515588
-0.3506803,-0.34732187
-0.0025861163,0.0018515588
-0.056358762,-0.0063050846
0.031430095,0.011983253
0.025799092,0.0018515588
-0.00057943765,0.0018515588
0.1728173,0.011481241
0.032499686,0.0018515588
-0.23940414,-0.19638595
0.023805887,0.03739439
0.002146036,0.0018515588
-0.07856955,0.0018515588
0.056814,0.0018515588
0.017832007,0.0018515588
0.012329841,0.0018515588
0.0010881091,0.0018515588
-0.1505221,0.0009984805
0.2181481,0.18154246
0.09516888,0.043815333
-0.0027117005,0.0018515588
0.0007882699,0.0018515588
-0.064027175,0.0018515588
0.037677225,0.0022156616
0.027816154,0.0018515588
0.04710855,0.0018515588
-0.09293556,-0.016733717
0.027534265,0.0018515588
-0.077863134,-0.051740028
0.00014818295,0.0018515588
-0.01589838,0.0018515588
-0.008361927,0.0018515588
-0.0025242066,0.0018515588
1.616803,1.4149923
0.039309952,0.0018515588
-0.00041847434,0.050108083
-0.1075394,-0.04123579
-0.0009812737,0.0018515588
-0.0053437203,0.0018515588
0.037551176,0.0018515588
0.002522864,0.0018515588
-0.0007357536,0.0018515588
-0.008828838,0.0018515588
-0.13556129,-0.011735609
0.16007675,0.09295426
-0.046413302,-0.003839112
-0.005801537,0.0018515588
-0.08882744,0.00022269622
-0.020922981,0.0018515588
-0.0058753947,0.0018515588
0.044002663,0.023667473
-0.042109657,-0.0003896366
0.02294212,0.018643154
-0.17376722,-0.11043418
-0.06542971,-0.011947809
-0.008152531,0.0018515588
0.15011519,0.10248625
0.032256078,-0.0064910324
-0.0034700101,0.0018515588
0.0020249884,0.0018515588
-0.026467461,0.0018515588
-0.25718033,-0.21094756
-0.00036054515,-0.0038218894
-0.011875065,0.0018515588
0.34903225,0.21971326
-0.042217784,0.0018515588
0.046612784,0.0018515588
0.0023814316,0.0018515588
0.1012043,0.07962336
-0.01884313,0.0018515588
-0.061390523,0.0018515588
-0.049087502,-0.027758092
0.00912798,0.015131572
-0.005143066,0.0018515588
-0.0035065787,0.0018515588
-0.004109579,0.002101451
-0.024608392,0.0018515588
0.00012001612,0.0018515588
-0.05477601,0.0018515588
-0.043502074,0.0018515588
-0.011234736,0.01920468
0.1783991,0.033871908
-0.0014370949,0.003361656
-0.036606725,0.0018515588
-0.024912814,0.0018515588
0.022267476,0.0018515588
0.0007702118,0.0018515588
0.039027397,0.021353276
0.0756341,0.0018515588
0.01607484,0.018666904
0.43316135,0.5139559
0.071349174,0.02817482
0.051983874,0.0018515588
0.015921425,0.06563349
0.010592172,0.0018515588
0.0117957555,0.0018515588
-0.1279778,0.0018515588
0.030907845,0.0018515588
-0.05638011,-0.010153792
0.0018083383,0.0018515588
0.0072157276,0.0018515588
-0.221249,-0.20578691
-0.003041359,0.0018515588
0.068952605,0.032067537
0.09717254,0.13282813
-0.038044468,0.0018515588
-0.0022233198,0.0018515588
0.011612236,0.008284804
-0.0006265954,0.0018515588
0.0059020505,0.0018515588
-0.21658698,-0.085010126
0.027369231,0.0046069017
-0.17760679,-0.056519933
-0.006577222,0.0018515588
0.18725763,0.12152306
-0.0032803917,0.0018515588
-0.00977713,0.0018515588
0.01379235,0.0026025549
-0.016534697,0.0018515588
0.01824177,0.0018515588
0.059737105,0.013692417
-0.109752595,-0.022166837
4.2659052e-05,0.0018515588
0.023340499,0.03183881
-0.0034567453,0.0018515588
0.02042146,0.0018515588
0.00082939584,0.0018515588
0.00066444627,0.0018515588
0.0033773745,0.0018515588
0.0015431766,0.0018515588
-0.13775453,-0.10971233
0.025167936,0.0018515588
0.0211123,0.0018515588
-0.009378226,0.0018515588
0.095790215,0.039483387
0.023255223,0.0018515588
-0.01172584,0.0018515588
-0.004817441,0.0018515588
0.0010433404,0.0018515588
0.00014093453,0.0018515588
0.043418117,0.040144198
-0.03616901,0.0018515588
0.29204005,0.17780344
0.0020018057,0.0018515588
0.056887884,0.042701278
0.11581834,0.07569896
0.04785651,0.04400465
-0.04614114,0.0018515588
-0.011301875,0.0018515588
-0.13629371,-0.038975794
-0.120866664,-0.025695361
-0.08275809,-0.009778846
-0.006867112,0.0018515588
0.29387704,0.29342014
0.0007939004,0.0018515588
-0.04532807,0.0018515588
0.021604445,0.0018515588
0.019575587,0.0063218065
-0.20879577,-0.0016974431
0.046602912,0.027299864
0.13914509,0.13489637
0.00037836202,0.0018515588
0.021422472,0.0018515588
0.005985802,0.0018515588
-0.022153318,0.0018515588
-0.113426164,0.0018515588
-0.0014305,0.0018515588
-0.5139568,-0.2672977
-0.20731619,-0.26171607
0.04682578,0.0018515588
-0.0078795515,0.0018515588
0.008042334,0.025944468
-0.030095253,-0.014795296
-0.029373853,0.0018515588
0.09210369,0.0018515588
0.026707482,0.0018515588
0.02141855,0.0018515588
-0.02536632,0.0018515588
0.12071862,0.0018515588
-0.0006526481,0.0018515588
-0.0019631037,0.0018515588
-3.911278,-4.392656
-0.025081273,0.0018515588
0.053513337,0.0261781
-0.16879104,-0.08002099
-0.00010476615,0.0018515588
0.27828333,0.2501472
-0.0118094105,0.0018515588
0.26642418,0.2084185
0.0030997947,0.0018515588
-0.010924593,0.0018515588
-0.0036631771,0.009642496
0.050599266,0.026237303
-0.011187315,0.0018515588
-0.20198259,-0.016742222
-0.06682407,0.0018515588
-0.151796,-0.09334953
0.006249736,0.011048784
-0.0009907308,0.0018515588
-0.00040001652,0.046455145
-0.032944195,0.0018515588
-0.15443584,-0.06667345
-0.036001902,0.0018515588
-0.012596122,0.0018515588
0.05412671,0.0018515588
0.041809868,0.0018515588
0.112730406,0.043338217
-0.023466123,0.00014649157
-0.00026033475,0.0018515588
0.047552522,0.011627701
0.027885107,0.033712633
-0.113695405,0.0018515588
-0.051112656,-0.027505267
-0.11141757,-0.058183745
-0.06774019,0.0018515588
0.0010115913,0.0018515588
0.00017416029,0.0018515588
-0.027258014,0.0018515588
0.0028554886,0.0018515588
0.0025365967,0.0018515588
-0.019631175,0.0018515588
0.07457992,0.014223939
0.001019866,0.0018515588
-0.078689486,-0.05721389
-0.008510401,0.0018515588
-0.062785774,0.0018515588
0.088205755,0.041108657
0.023204703,0.0029924812
-0.50307745,-0.46378684
0.014145004,0.0018515588
0.03750184,0.0018515588
-1.3501725,-1.2454631
-0.2001618,-0.064179674
0.0073747467,0.0018515588
0.27711588,0.252744
-0.13648972,-0.08820561
0.10917323,0.0018515588
-0.17387469,-0.17995353
-0.048551455,0.0018515588
-0.052907955,-0.081706345
-0.0010293936,0.0018515588
0.0019567753,0.0018515588
0.060801204,0.03171922
-0.24948248,0.0018515588
0.021459213,0.0018515588
-0.009127419,0.0018515588
0.002472673,0.0018515588
0.14020745,0.08186133
0.012206131,0.0018515588
-0.0059775207,-0.023464622
-0.05623498,0.0018515588
-0.05556221,0.018836584
-0.024875436,0.0018515588
-0.01330966,0.0018515588
-0.009067708,0.0018515588
0.064968295,0.023039205
-1.0702751,-1.0650467
0.040740013,0.0372815
0.0011780501,0.0018515588
0.00012408273,0.0018515588
-0.017237825,0.0018515588
0.0039302455,0.0018515588
0.0017352803,0.0018515588
0.02988239,0.0018515588
0.012938782,0.0018515588
-0.009354002,0.0018515588
0.069796845,0.062624864
0.0032858094,0.0018515588
-0.10119826,-0.0011948246
0.045402743,0.011579807
0.015310077,0.0018515588
-0.012950099,0.0018515588
0.0146104265,0.0018515588
0.0005520225,0.0018515588
-0.028035445,0.0018515588
-0.12334155,-0.039691977
0.074088804,0.056867678
-0.03947863,0.014081227
-0.14077002,-0.03299155
-0.07152764,-0.03503256
-0.058999833,0.0018515588
-0.046423923,-0.004712128
-0.0086929295,0.0018515588
-0.0009816244,-0.0008908474
0.0006203778,0.0018515588
-0.0052266004,0.0018515588
0.032306813,0.0018515588
0.27177513,0.0018515588
-0.14366274,-0.002907291
0.0065770964,0.0018515588
0.120283015,0.08585291
0.02324085,0.02356166
-0.3201925,-0.2975568
0.017546145,-0.050143134
0.0028466543,0.0018515588
-0.019249184,-0.0073005026
0.023120843,0.012640156
-0.0075660357,0.0018515588
-0.009197415,0.0018515588
0.0051969527,0.0018515588
-0.17536023,-0.08484606
-0.041586343,0.0018515588
-0.07324402,-0.00469705
0.059021316,0.030973636
-0.012661927,0.0018515588
-0.19501548,-0.08415379
-0.030155573,0.0018515588
0.03448352,0.0018515588
0.06615099,0.027007595
0.08503175,0.06224671
-0.27587265,-0.16858958
-0.078512624,-0.019955572
0.054121688,0.025801145
-1.3128755e-05,0.061211824
-0.046385624,-0.07515742
-0.13634704,-0.027306005
0.043604035,0.05482512
-0.10429438,-0.024838768
0.035155404,0.026846295
-0.035825737,0.0018515588
0.0054976153,0.0018515588
0.009075205,0.0018515588
-0.15432848,-0.042504895
0.011751156,0.0018515588
0.008380767,0.0018515588
-0.00023890467,0.0018515588
-0.0072822305,0.0018515588
0.11659969,0.08084379
0.002395565,0.0018515588
-0.028408362,0.0018515588
0.026032371,0.0083745625
0.19610769,0.12156258
0.0053083324,0.0018515588
0.024166381,0.0018515588
0.007262307,0.0018515588
0.04392308,0.0022567704
-0.0029413612,0.0018515588
0.1463765,0.06637304
-0.07413086,0.0018515588
0.019540852,0.013831338
-0.018287135,0.0018515588
0.009188776,0.0018515588
0.0005414375,0.0018515588
-0.009929417,0.0018515588
0.34329477,0.20632967
-0.12979618,-0.080593556
-0.0070420676,-0.03171155
0.08000086,0.03484401
-0.006533594,0.0018515588
-0.03049423,0.0018515588
-0.029046802,0.0018515588
-0.04663736,0.0018515588
0.05295993,0.029736616
0.0024365028,0.0067941393
-0.5575586,-0.39015195
0.03141589,0.0018515588
-0.017629586,0.0018515588
0.0013348693,0.0018515588
-0.005806201,0.0018515588
0.0142122395,0.0018515588
0.0036662892,0.0018515588
0.11568683,0.05258161
-0.061771072,-0.06816534
-0.0026156283,0.0018515588
-0.000608673,0.0018515588
0.09003952,0.035928693
0.025998022,0.022104032
-0.008862094,0.0018515588
-0.0079706395,0.0018515588
0.036065117,0.0018515588
0.39951196,0.14889458
-0.02602593,0.0018515588
-0.0864738,0.0018515588
-0.011843285,0.0018515588
-0.26124138,-0.20609462
0.12467723,0.08162992
-0.0009791285,0.0018515588
-0.04808594,0.0018515588
0.0206781,0.011868923
-0.02960138,0.0018515588
-0.027614329,0.0018515588
-0.006774527,0.0018515588
-0.062071208,-0.008522959
0.048037928,0.01126742
-0.0034591937,0.0018515588
-0.11965386,-0.059809383
0.02151883,0.0018515588
-0.067370184,0.0018515588
0.005916652,0.006647439
0.13452311,0.066600606
-0.007455425,0.0018515588
0.00038708985,0.0018515588
0.043833006,0.015537966
0.0028627396,0.0018515588
-0.00075218384,0.0018515588
-0.016714823,0.0018515588
-0.00017476096,0.0018515588
-0.06965368,-0.0024705469
0.25841722,0.19910559
-0.021498688,0.0018515588
0.057759006,0.0019635074
0.018264944,0.0018515588
0.0240842,0.0018515588
-0.056967705,0.0018515588
-0.12273196,-0.050535608
0.041506726,0.042754177
-0.08493874,-0.012151795
0.1361271,0.11242236
0.03808015,0.0018515588
0.027824719,0.03760691
-0.024034837,0.0018515588
-0.11081611,-0.002376846
-0.0069299056,0.0018515588
0.00026965718,0.0018515588
-0.016257158,0.0018515588
-0.034891024,0.0018515588
-0.048026834,0.0018515588
-0.037238255,0.0018515588
0.02380025,0.021118103
-0.07367127,-0.010780859
0.09646359,0.023504974
-0.022999555,0.0018515588
-0.20679381,0.0018515588
0.11866313,0.0480264
-0.009842556,0.0018515588
-0.014751962,0.0018515588
0.040025674,0.0018515588
0.03400559,0.023632225
-4.5636834e-06,0.0018515588
-0.13736139,-0.05054742
0.0052784467,0.0018515588
-0.3069692,-0.3996929
-0.0060116043,0.0018515588
0.0036135237,0.0018515588
0.00022109204,0.0018515588
0.09089213,0.07379689
0.038218543,0.009964375
0.0113711385,0.0018515588
0.0030655472,0.0018515588
-0.024966786,0.0018515588
-0.027024051,0.0018515588
0.0025798897,0.0018515588
-0.16204289,-0.103163436
0.033423066,0.042472668
0.05531797,0.029193718
-0.0014394639,0.0018515588
0.01812786,0.0018515588
-0.005548936,0.0018515588
-0.0060693137,0.0018515588
0.105436735,0.025997967
-0.0056907358,0.01890285
-0.02134639,0.0018515588
-0.14295074,-0.09834739
-0.019962374,0.0018515588
0.023574384,0.0018515588
0.029620573,0.019978808
-0.0052950396,0.0018515588
-0.032454714,0.0018515588
0.18361591,0.11859101
-0.0040268158,0.0018515588
-0.074222356,0.0018515588
-0.046092793,0.0018515588
0.34496745,0.29653952
-0.02202116,0.0018515588
0.01059516,0.0018515588
0.07138935,0.07198068
-0.066670254,0.0018515588
-0.03800275,0.0018515588
-0.030263014,0.0018515588
0.0011159088,0.0018515588
0.04881905,0.0018515588
-0.018884866,0.0018515588
-0.018469095,0.0018515588
0.010373367,0.0023259649
-0.0016763587,0.0018515588
-0.0062981886,0.0018515588
-0.099794544,-0.027712388
0.0064299,0.0018515588
0.0048035835,0.0018515588
-0.0007841818,0.0018515588
-0.20245647,-0.1768316
-0.024294358,0.0018515588
3.7227313e-05,0.0018515588
-0.26264966,-0.17197326
-0.016235288,0.0018515588
-0.0014740169,0.0018515588
0.0016787236,0.0018515588
-0.00016876443,0.0018515588
0.0004438631,0.0018515588
0.027978288,0.0018515588
0.032016475,0.02643608
-0.010058639,0.0018515588
0.030456016,0.0018515588
0.043970145,0.011661699
-0.045592394,0.0018515588
0.04213487,0.0018515588
0.004425258,0.0018515588
0.005119515,0.0018515588
0.019953193,0.014701719
-0.10637467,-0.02146266
-0.015134179,0.0018515588
0.016390214,0.0018515588
-0.18826298,-0.096512996
0.010216435,0.0018515588
-0.051710963,0.0018515588
0.040411517,0.017624822
0.015350715,0.0018515588
-0.0003101426,0.0018515588
-0.041344162,0.0018515588
-0.009350188,0.0018515588
0.058537256,0.0018515588
-0.61776763,-0.76194215
0.0362301,0.0018515588
-0.022143662,0.0018515588
0.0028585948,0.0018515588
0.0025228264,0.0018515588
0.008275488,0.0018515588
0.146419,0.06632028
-0.00045542978,0.0018515588
0.3251989,0.1349221
-0.08486381,0.0018515588
-0.13127479,0.0018515588
-0.09882127,0.0018515588
0.0043484983,0.0018515588
-0.0037478018,0.0018515588
0.2533691,0.21553074
0.16614719,0.098928116
0.298631,0.1267007
-0.1449989,0.0018515588
0.027863834,0.023971291
0.0066003134,0.0018515588
0.026193637,0.013026793
0.0032536897,0.0018515588
-0.0008747319,0.0018515588
-0.009576823,0.0018515588
-0.3119353,-0.21633212
0.08568517,0.02419356
0.12736316,0.09773374
0.18722637,0.13512215
0.025983205,0.0018515588
0.015432049,0.0018515588
0.026934937,0.0018515588
-0.013373319,0.0018515588
-0.05378958,0.0018515588
-0.07510978,0.0018515588
0.040758517,0.0018515588
0.04814021,0.028357556
-0.043659616,0.0005185768
-0.0062465603,0.0018515588
0.20908295,0.1585707
-0.0021623478,0.0018515588
-0.002100007,0.0018515588
3.261308e-05,0.0018515588
0.063478574,0.0018515588
0.081000164,0.039246332
-0.86596817,-0.5487904
0.0022446846,0.0018515588
0.15116812,0.12209852
0.014316645,0.0018515588
-0.018120637,0.0018515588
-220.46646,-22.27723
-0.1510109,-0.1497737
-0.03724329,-0.008896229
-0.0021566015,0.0018515588
0.01861031,0.0018515588
0.001567553,0.0041607525
-0.07481458,0.0018515588
-0.10687527,0.0018037416
-0.0033737049,0.0018515588
0.0029059453,0.0018515588
0.30533004,0.19657063
0.2709141,0.117899925
0.016184017,0.0018515588
-0.13199829,-0.025406612
0.4407234,0.3590893
-0.0017568966,0.0018515588
-0.02471262,0.0018515588
0.012616449,0.0018515588
-0.010700869,0.0018515588
-0.11464599,-0.11652938
-0.0010332247,0.0018515588
0.0039226254,0.0018515588
0.0012989655,0.0018515588
0.008166121,0.0018515588
-0.008402329,0.0018515588
0.003624852,0.025030082
0.030682413,0.026740823
0.0062039853,0.0018515588
-0.0049828356,0.0018515588
0.00012511533,0.0146257905
-0.018082429,0.0018515588
0.017578408,0.012587121
0.014194026,0.0018515588
0.00017873966,0.0018515588
0.00010192145,0.034129325
0.008597819,0.0018515588
-0.0029907743,0.0018515588
0.025767867,0.0018515588
-0.018195366,0.0018515588
-0.0040672887,0.0018515588
0.054818857,0.039952192
0.052337196,0.028939422
0.15168051,0.0018515588
-0.0160771,0.0018515588
-2.5407767,-1.488646
0.0044859224,0.0018515588
0.24767794,0.15769754
0.028040936,0.022661822
1.4778033e-05,0.0018515588
-0.019214006,0.0018515588
7.4073496e-06,0.0018515588
0.010822866,0.0018515588
0.10768078,0.084346615
-0.00083750737,0.0018515588
9.515767e-05,0.0018515588
-0.0120696565,0.0018515588
0.001186695,0.0018515588
0.013306578,0.0018515588
-0.26332816,-0.2110004
0.09311329,0.0037651025
-0.008856325,0.0018515588
0.040753454,0.0018515588
-0.102395155,0.0018515588
-0.00015473738,0.019073453
-0.000102700906,0.0018515588
0.011356656,0.0018515588
0.0001976664,0.0018515588
0.0001219072,0.016404973
-0.004668365,0.0018515588
0.01956097,0.030651689
0.07617087,0.10269917
-0.0054474236,0.0018515588
-0.021762129,0.0018515588
0.023047399,0.0077195265
-0.10705557,-0.09770018
0.016686788,0.0018515588
0.10531266,0.04933546
0.005227897,0.0018515588
-0.088827185,-0.019175602
-0.017561989,0.0018515588
0.05436131,0.018538523
0.03895294,0.0050196527
0.0007636812,0.0018515588
0.014138915,0.0018515588
-0.17370284,-0.09127966
0.13392778,0.08070518
-0.0028481365,0.0018515588
-0.03394038,0.0018515588
0.0029928985,0.0018515588
0.014299096,0.0018515588
0.0024773402,0.0018515588
0.029182259,0.012315295
-0.001394491,0.0018515588
-0.03140354,0.0018515588
0.009893047,0.0018515588
0.014237818,0.0018515588
-0.05083613,0.00075094204
-0.043407705,0.0018515588
0.00084337447,0.0018515588
-0.18467206,0.0018515588
-0.059701,-0.0032017902
0.1567587,0.09277605
0.042558435,0.011883402
-0.03177655,0.0018515588
-0.4062657,-0.24585253
0.10562907,0.0018515588
0.08341705,0.061556082
-0.02872055,0.0018515588
-0.00028068622,0.0018515588
-0.49634093,-0.5474371
-0.13425206,0.0018515588
0.024406556,0.0018515588
0.027224543,0.0018515588
0.018237587,0.0018515588
-0.031194434,0.0018515588
0.008780649,0.0018515588
-0.016346332,0.0018515588
0.039908685,0.028344363
-0.022777768,0.0018515588
-0.000597039,0.0018515588
-0.015656523,0.0018515588
-0.2902453,-0.15807083
0.01844148,0.0018515588
-0.06951634,-0.02343043
0.0008785914,0.0057907663
-0.0022351486,0.0018515588
-0.04801773,-0.026247188
-0.011076763,0.0018515588
-0.03830237,0.0018515588
-0.005179046,0.0018515588
-0.10923973,-0.01453864
-0.00082685176,0.0018515588
0.05294573,0.059529785
-0.034004077,0.0018515588
-0.00032229238,0.005162583
0.18361445,0.0018515588
0.02870614,0.0018515588
-0.0021946153,0.0018515588
0.006340501,0.0021774827
-0.45175415,-0.43620637
-0.2694341,-0.06682549
-0.0013956351,0.0029961998
-0.09488965,-0.04829367
-0.09657601,-0.017358487
0.060337126,0.038749598
-0.037238587,0.0018515588
-0.009531253,0.0018515588
-0.087050475,-0.01157396
0.15928988,0.050375983
-0.0010067349,0.0018515588
0.005272847,0.0018515588
-0.02472712,0.0018515588
-0.14865184,-0.10590083
0.00034183482,0.0018515588
-0.07281045,0.0018515588
0.16859569,0.079095334
-0.021973062,0.0018515588
0.21308121,0.10597299
0.020934787,0.0018515588
-0.029699681,0.0018515588
0.031316478,0.0054359683
-0.018394126,0.0018515588
-0.108060054,0.0018515588
-0.110180676,-0.014201663
-0.10077603,0.011541868
-0.37793955,-0.3855685
-0.007517094,0.0018515588
0.014787976,0.0018515588
0.0006134868,0.0018515588
0.07363022,0.06909319
0.008047057,0.0018515588
0.34217358,0.3047747
0.108045235,0.08286306
0.012285218,0.023128139
-0.0047943206,0.0018515588
0.047701802,0.010609043
-0.055507034,-0.031825516
0.016237026,0.0018515588
-0.0010600305,0.0018515588
