Station,Datetime,Energy Production (kWh)
Amberd 3,2022-01-01,12693.38
Amberd 3,2022-01-02,13652.380000000001
Amberd 3,2022-01-03,12507.04
Amberd 3,2022-01-04,14888.44
Amberd 3,2022-01-05,13641.18
Amberd 3,2022-01-06,13375.6
Amberd 3,2022-01-07,13166.16
Amberd 3,2022-01-08,13141.380000000001
Amberd 3,2022-01-09,13054.439999999999
Amberd 3,2022-01-10,13111.0
Amberd 3,2022-01-11,13295.24
Amberd 3,2022-01-12,13087.34
Amberd 3,2022-01-13,13555.78
Amberd 3,2022-01-14,9361.24
Amberd 3,2022-01-15,15161.300000000001
Amberd 3,2022-01-16,13257.86
Amberd 3,2022-01-17,14918.54
Amberd 3,2022-01-18,13623.68
Amberd 3,2022-01-19,13280.12
Amberd 3,2022-01-20,12742.52
Amberd 3,2022-01-21,13549.76
Amberd 3,2022-01-22,13666.1
Amberd 3,2022-01-23,12942.86
Amberd 3,2022-01-24,12913.460000000001
Amberd 3,2022-01-25,13026.3
Amberd 3,2022-01-26,12908.56
Amberd 3,2022-01-27,12942.02
Amberd 3,2022-01-28,12902.960000000001
Amberd 3,2022-01-29,12886.86
Amberd 3,2022-01-30,12648.72
Amberd 3,2022-01-31,12920.460000000001
Amberd 3,2022-02-01,12819.380000000001
Amberd 3,2022-02-02,12668.88
Amberd 3,2022-02-03,12577.46
Amberd 3,2022-02-04,12614.279999999999
Amberd 3,2022-02-05,9000.18
Amberd 3,2022-02-06,13086.36
Amberd 3,2022-02-07,15276.52
Amberd 3,2022-02-08,13006.42
Amberd 3,2022-02-09,12780.18
Amberd 3,2022-02-10,12778.78
Amberd 3,2022-02-11,12670.14
Amberd 3,2022-02-12,12577.6
Amberd 3,2022-02-13,12701.5
Amberd 3,2022-02-14,12309.5
Amberd 3,2022-02-15,12225.22
Amberd 3,2022-02-16,12158.16
Amberd 3,2022-02-17,12032.16
Amberd 3,2022-02-18,12051.9
Amberd 3,2022-02-19,12166.7
Amberd 3,2022-02-20,12089.0
Amberd 3,2022-02-21,12111.82
Amberd 3,2022-02-22,12263.58
Amberd 3,2022-02-23,12582.92
Amberd 3,2022-02-24,13009.78
Amberd 3,2022-02-25,13285.72
Amberd 3,2022-02-26,13100.92
Amberd 3,2022-02-27,13493.06
Amberd 3,2022-02-28,13546.4
Amberd 3,2022-03-01,13201.02
Amberd 3,2022-03-02,13733.86
Amberd 3,2022-03-03,16585.100000000002
Amberd 3,2022-03-04,10823.82
Amberd 3,2022-03-05,8115.52
Amberd 3,2022-03-06,17339.28
Amberd 3,2022-03-07,16580.62
Amberd 3,2022-03-08,14398.720000000001
Amberd 3,2022-03-09,13657.42
Amberd 3,2022-03-10,13569.36
Amberd 3,2022-03-11,14641.900000000001
Amberd 3,2022-03-12,13890.800000000001
Amberd 3,2022-03-13,13764.800000000001
Amberd 3,2022-03-14,13608.42
Amberd 3,2022-03-15,13602.960000000001
Amberd 3,2022-03-16,13200.46
Amberd 3,2022-03-17,13815.2
Amberd 3,2022-03-18,13251.0
Amberd 3,2022-03-19,13436.220000000001
Amberd 3,2022-03-20,13420.82
Amberd 3,2022-03-21,13470.800000000001
Amberd 3,2022-03-22,13538.7
Amberd 3,2022-03-23,13913.9
Amberd 3,2022-03-24,13634.6
Amberd 3,2022-03-25,13519.1
Amberd 3,2022-03-26,13700.400000000001
Amberd 3,2022-03-27,13537.16
Amberd 3,2022-03-28,9558.92
Amberd 3,2022-03-29,16149.560000000001
Amberd 3,2022-03-30,17973.48
Amberd 3,2022-03-31,20522.32
Amberd 3,2022-04-01,22518.72
Amberd 3,2022-04-02,24454.22
Amberd 3,2022-04-03,35726.740000000005
Amberd 3,2022-04-04,43711.92
Amberd 3,2022-04-05,41074.32
Amberd 3,2022-04-06,38863.3
Amberd 3,2022-04-07,49044.24
Amberd 3,2022-04-08,48999.86
Amberd 3,2022-04-09,56843.64
Amberd 3,2022-04-10,63844.9
Amberd 3,2022-04-11,70079.38
Amberd 3,2022-04-12,114148.72
Amberd 3,2022-04-13,124681.48
Amberd 3,2022-04-14,103498.08
Amberd 3,2022-04-15,57044.12
Amberd 3,2022-04-16,52170.3
Amberd 3,2022-04-17,74276.58
Amberd 3,2022-04-18,96933.06
Amberd 3,2022-04-19,123036.76
Amberd 3,2022-04-20,149357.32
Amberd 3,2022-04-21,134511.02
Amberd 3,2022-04-22,118708.38
Amberd 3,2022-04-23,125585.74
Amberd 3,2022-04-24,145502.14
Amberd 3,2022-04-25,192283.7
Amberd 3,2022-04-26,216435.94
Amberd 3,2022-04-27,222572.98
Amberd 3,2022-04-28,202472.90000000002
Amberd 3,2022-04-29,218539.58000000002
Amberd 3,2022-04-30,211432.9
Amberd 3,2022-05-01,205630.18
Amberd 3,2022-05-02,205740.64
Amberd 3,2022-05-03,174179.18
Amberd 3,2022-05-04,136068.38
Amberd 3,2022-05-05,148115.38
Amberd 3,2022-05-06,118670.02
Amberd 3,2022-05-07,90663.02
Amberd 3,2022-05-08,102025.98
Amberd 3,2022-05-09,99413.02
Amberd 3,2022-05-10,94575.88
Amberd 3,2022-05-11,91456.82
Amberd 3,2022-05-12,85108.24
Amberd 3,2022-05-13,72294.32
Amberd 3,2022-05-14,63213.92
Amberd 3,2022-05-15,106566.04000000001
Amberd 3,2022-05-16,208517.54
Amberd 3,2022-05-17,179168.08
Amberd 3,2022-05-18,190986.88
Amberd 3,2022-05-19,197916.46000000002
Amberd 3,2022-05-20,182677.18
Amberd 3,2022-05-21,107564.8
Amberd 3,2022-05-22,122141.45999999999
Amberd 3,2022-05-23,143610.32
Amberd 3,2022-05-24,103283.18000000001
Amberd 3,2022-05-25,62368.74
Amberd 3,2022-05-26,38953.32
Amberd 3,2022-05-27,46071.06
Amberd 3,2022-05-28,94010.7
Amberd 3,2022-05-29,150952.2
Amberd 3,2022-05-30,171394.72
Amberd 3,2022-05-31,167591.2
Amberd 3,2022-06-01,156604.56
Amberd 3,2022-06-02,171255.0
Amberd 3,2022-06-03,172255.72
Amberd 3,2022-06-04,171843.7
Amberd 3,2022-06-05,168809.9
Amberd 3,2022-06-06,167844.6
Amberd 3,2022-06-07,143216.92
Amberd 3,2022-06-08,134045.1
Amberd 3,2022-06-09,141257.62
Amberd 3,2022-06-10,118309.52
Amberd 3,2022-06-11,104294.26
Amberd 3,2022-06-12,91038.08
Amberd 3,2022-06-13,100292.64
Amberd 3,2022-06-14,60809.56
Amberd 3,2022-06-15,30776.9
Amberd 3,2022-06-16,24619.7
Amberd 3,2022-06-17,29719.34
Amberd 3,2022-06-18,32356.100000000002
Amberd 3,2022-06-19,28392.980000000003
Amberd 3,2022-06-20,40280.24
Amberd 3,2022-06-21,21556.5
Amberd 3,2022-06-22,5441.8
Amberd 3,2022-06-23,28897.4
Amberd 3,2022-06-24,28993.3
Amberd 3,2022-06-25,35396.9
Amberd 3,2022-06-26,15806.7
Amberd 3,2022-06-27,41187.86
Amberd 3,2022-06-28,30646.0
Amberd 3,2022-06-29,28555.8
Amberd 3,2022-06-30,27138.86
Amberd 3,2022-07-01,25675.300000000003
Amberd 3,2022-07-02,30057.300000000003
Amberd 3,2022-07-03,22381.1
Amberd 3,2022-07-04,19934.46
Amberd 3,2022-07-05,20181.0
Amberd 3,2022-07-06,18693.5
Amberd 3,2022-07-07,18402.3
Amberd 3,2022-07-08,18334.4
Amberd 3,2022-07-09,18910.36
Amberd 3,2022-07-10,17597.3
Amberd 3,2022-07-11,16816.8
Amberd 3,2022-07-12,16398.2
Amberd 3,2022-07-13,15638.7
Amberd 3,2022-07-14,15061.76
Amberd 3,2022-07-15,15045.1
Amberd 3,2022-07-16,14371.7
Amberd 3,2022-07-17,14791.0
Amberd 3,2022-07-18,14716.1
Amberd 3,2022-07-19,13196.4
Amberd 3,2022-07-20,12570.6
Amberd 3,2022-07-21,12399.1
Amberd 3,2022-07-22,13743.800000000001
Amberd 3,2022-07-23,13684.300000000001
Amberd 3,2022-07-24,12893.300000000001
Amberd 3,2022-07-25,11806.9
Amberd 3,2022-07-26,11053.7
Amberd 3,2022-07-27,10773.7
Amberd 3,2022-07-28,12125.4
Amberd 3,2022-07-29,11404.68
Amberd 3,2022-07-30,10525.2
Amberd 3,2022-07-31,10490.06
Amberd 3,2022-08-01,10594.5
Amberd 3,2022-08-02,10146.5
Amberd 3,2022-08-03,12198.48
Amberd 3,2022-08-04,13894.58
Amberd 3,2022-08-05,13539.54
Amberd 3,2022-08-06,13342.28
Amberd 3,2022-08-07,13386.24
Amberd 3,2022-08-08,17190.88
Amberd 3,2022-08-09,14718.76
Amberd 3,2022-08-10,12591.880000000001
Amberd 3,2022-08-11,12248.46
Amberd 3,2022-08-12,12074.3
Amberd 3,2022-08-13,11581.92
Amberd 3,2022-08-14,10872.82
Amberd 3,2022-08-15,10677.8
Amberd 3,2022-08-16,10354.960000000001
Amberd 3,2022-08-17,10046.68
Amberd 3,2022-08-18,9930.2
Amberd 3,2022-08-19,9582.02
Amberd 3,2022-08-20,9637.880000000001
Amberd 3,2022-08-21,9411.92
Amberd 3,2022-08-22,9914.8
Amberd 3,2022-08-23,9755.62
Amberd 3,2022-08-24,10864.7
Amberd 3,2022-08-25,10252.62
Amberd 3,2022-08-26,10706.36
Amberd 3,2022-08-27,10841.32
Amberd 3,2022-08-28,10713.92
Amberd 3,2022-08-29,10572.380000000001
Amberd 3,2022-08-30,10226.720000000001
Amberd 3,2022-08-31,10950.94
Amberd 3,2022-09-01,9901.08
Amberd 3,2022-09-02,10032.12
Amberd 3,2022-09-03,9444.12
Amberd 3,2022-09-04,9777.6
Amberd 3,2022-09-05,9702.56
Amberd 3,2022-09-06,10709.02
Amberd 3,2022-09-07,15564.640000000001
Amberd 3,2022-09-08,10307.64
Amberd 3,2022-09-09,9165.380000000001
Amberd 3,2022-09-10,9142.0
Amberd 3,2022-09-11,9106.44
Amberd 3,2022-09-12,8701.42
Amberd 3,2022-09-13,8329.44
Amberd 3,2022-09-14,8738.1
Amberd 3,2022-09-15,9128.0
Amberd 3,2022-09-16,9105.6
Amberd 3,2022-09-17,9037.7
Amberd 3,2022-09-18,9882.6
Amberd 3,2022-09-19,9605.960000000001
Amberd 3,2022-09-20,9463.300000000001
Amberd 3,2022-09-21,9601.62
Amberd 3,2022-09-22,14658.28
Amberd 3,2022-09-23,15583.82
Amberd 3,2022-09-24,11323.76
Amberd 3,2022-09-25,9906.12
Amberd 3,2022-09-26,9700.880000000001
Amberd 3,2022-09-27,9751.42
Amberd 3,2022-09-28,10075.52
Amberd 3,2022-09-29,10059.98
Amberd 3,2022-09-30,9969.68
Amberd 3,2022-10-01,9978.08
Amberd 3,2022-10-02,10010.98
Amberd 3,2022-10-03,9940.56
Amberd 3,2022-10-04,9667.7
Amberd 3,2022-10-05,9526.86
Amberd 3,2022-10-06,8570.66
Amberd 3,2022-10-07,11558.26
Amberd 3,2022-10-08,10855.460000000001
Amberd 3,2022-10-09,14084.56
Amberd 3,2022-10-10,12990.460000000001
Amberd 3,2022-10-11,10973.2
Amberd 3,2022-10-12,11202.66
Amberd 3,2022-10-13,11426.800000000001
Amberd 3,2022-10-14,13073.2
Amberd 3,2022-10-15,14508.62
Amberd 3,2022-10-16,14939.960000000001
Amberd 3,2022-10-17,13228.880000000001
Amberd 3,2022-10-18,12497.52
Amberd 3,2022-10-19,12208.0
Amberd 3,2022-10-20,12057.220000000001
Amberd 3,2022-10-21,12975.76
Amberd 3,2022-10-22,12826.8
Amberd 3,2022-10-23,12538.82
Amberd 3,2022-10-24,12136.32
Amberd 3,2022-10-25,13033.44
Amberd 3,2022-10-26,13581.82
Amberd 3,2022-10-27,13510.28
Amberd 3,2022-10-28,13620.18
Amberd 3,2022-10-29,13532.12
Amberd 3,2022-10-30,13478.92
Amberd 3,2022-10-31,13461.42
Amberd 3,2022-11-01,11975.880000000001
Amberd 3,2022-11-02,12233.06
Amberd 3,2022-11-03,13946.800000000001
Amberd 3,2022-11-04,14035.42
Amberd 3,2022-11-05,13722.800000000001
Amberd 3,2022-11-06,13899.76
Amberd 3,2022-11-07,13175.960000000001
Amberd 3,2022-11-08,12911.5
Amberd 3,2022-11-09,13097.0
Amberd 3,2022-11-10,13038.2
Amberd 3,2022-11-11,13558.86
Amberd 3,2022-11-12,12831.7
Amberd 3,2022-11-13,12523.0
Amberd 3,2022-11-14,12690.300000000001
Amberd 3,2022-11-15,12602.1
Amberd 3,2022-11-16,12626.6
Amberd 3,2022-11-17,13457.5
Amberd 3,2022-11-18,12100.76
Amberd 3,2022-11-19,11929.4
Amberd 3,2022-11-20,12264.7
Amberd 3,2022-11-21,12252.66
Amberd 3,2022-11-22,12308.1
Amberd 3,2022-11-23,13042.4
Amberd 3,2022-11-24,12147.1
Amberd 3,2022-11-25,13387.5
Amberd 3,2022-11-26,16871.4
Amberd 3,2022-11-27,14219.800000000001
Amberd 3,2022-11-28,12861.1
Amberd 3,2022-11-29,12796.56
Amberd 3,2022-11-30,12960.92
Amberd 3,2022-12-01,12972.12
Amberd 3,2022-12-02,12694.92
Amberd 3,2022-12-03,12683.3
Amberd 3,2022-12-04,12610.5
Amberd 3,2022-12-05,12613.86
Amberd 3,2022-12-06,12445.3
Amberd 3,2022-12-07,12362.7
Amberd 3,2022-12-08,12406.52
Amberd 3,2022-12-09,11660.88
Amberd 3,2022-12-10,11327.4
Amberd 3,2022-12-11,11133.5
Amberd 3,2022-12-12,12522.3
Amberd 3,2022-12-13,12661.6
Amberd 3,2022-12-14,12035.1
Amberd 3,2022-12-15,12071.22
Amberd 3,2022-12-16,12490.8
Amberd 3,2022-12-17,13755.56
Amberd 3,2022-12-18,13111.42
Amberd 3,2022-12-19,13076.56
Amberd 3,2022-12-20,13278.3
Amberd 3,2022-12-21,13291.6
Amberd 3,2022-12-22,12070.800000000001
Amberd 3,2022-12-23,11085.9
Amberd 3,2022-12-24,13591.9
Amberd 3,2022-12-25,12184.76
Amberd 3,2022-12-26,10497.9
Amberd 3,2022-12-27,11064.9
Amberd 3,2022-12-28,12084.1
Amberd 3,2022-12-29,12830.3
Amberd 3,2022-12-30,11328.800000000001
Amberd 3,2022-12-31,12677.7
Amberd 3,2023-01-01,12295.5
Amberd 3,2023-01-02,12546.800000000001
Amberd 3,2023-01-03,13401.5
Amberd 3,2023-01-04,12608.4
Amberd 3,2023-01-05,12055.26
Amberd 3,2023-01-06,12376.0
Amberd 3,2023-01-07,12886.3
Amberd 3,2023-01-08,12475.4
Amberd 3,2023-01-09,12802.16
Amberd 3,2023-01-10,12479.6
Amberd 3,2023-01-11,12428.359999999999
Amberd 3,2023-01-12,12233.9
Amberd 3,2023-01-13,12350.800000000001
Amberd 3,2023-01-14,12329.1
Amberd 3,2023-01-15,12455.8
Amberd 3,2023-01-16,12234.460000000001
Amberd 3,2023-01-17,12291.58
Amberd 3,2023-01-18,12454.26
Amberd 3,2023-01-19,12296.060000000001
Amberd 3,2023-01-20,12470.22
Amberd 3,2023-01-21,12226.48
Amberd 3,2023-01-22,12169.64
Amberd 3,2023-01-23,11934.44
Amberd 3,2023-01-24,11967.62
Amberd 3,2023-01-25,11818.8
Amberd 3,2023-01-26,11660.6
Amberd 3,2023-01-27,11579.4
Amberd 3,2023-01-28,11773.3
Amberd 3,2023-01-29,12062.82
Amberd 3,2023-01-30,11600.12
Amberd 3,2023-01-31,11870.04
Amberd 3,2023-02-01,12281.64
Amberd 3,2023-02-02,12398.960000000001
Amberd 3,2023-02-03,11642.12
Amberd 3,2023-02-04,11933.74
Amberd 3,2023-02-05,13137.880000000001
Amberd 3,2023-02-06,10223.220000000001
Amberd 3,2023-02-07,8838.62
Amberd 3,2023-02-08,16709.0
Amberd 3,2023-02-09,14676.060000000001
Amberd 3,2023-02-10,12866.7
Amberd 3,2023-02-11,12185.46
Amberd 3,2023-02-12,12049.52
Amberd 3,2023-02-13,11237.52
Amberd 3,2023-02-14,9829.96
Amberd 3,2023-02-15,12679.66
Amberd 3,2023-02-16,11509.26
Amberd 3,2023-02-17,10325.56
Amberd 3,2023-02-18,12608.119999999999
Amberd 3,2023-02-19,11906.86
Amberd 3,2023-02-20,11979.52
Amberd 3,2023-02-21,11143.02
Amberd 3,2023-02-22,11081.28
Amberd 3,2023-02-23,13500.62
Amberd 3,2023-02-24,12114.9
Amberd 3,2023-02-25,11905.46
Amberd 3,2023-02-26,12109.300000000001
Amberd 3,2023-02-27,11921.0
Amberd 3,2023-02-28,12046.86
Amberd 3,2023-03-01,12516.0
Amberd 3,2023-03-02,12502.7
Amberd 3,2023-03-03,13344.52
Amberd 3,2023-03-04,13517.56
Amberd 3,2023-03-05,13766.760000000002
Amberd 3,2023-03-06,10830.960000000001
Amberd 3,2023-03-07,15116.08
Amberd 3,2023-03-08,15056.720000000001
Amberd 3,2023-03-09,15303.12
Amberd 3,2023-03-10,13995.800000000001
Amberd 3,2023-03-11,14428.26
Amberd 3,2023-03-12,14954.52
Amberd 3,2023-03-13,15925.42
Amberd 3,2023-03-14,18978.82
Amberd 3,2023-03-15,25209.800000000003
Amberd 3,2023-03-16,25571.0
Amberd 3,2023-03-17,20664.0
Amberd 3,2023-03-18,20577.9
Amberd 3,2023-03-19,19624.36
Amberd 3,2023-03-20,18540.2
Amberd 3,2023-03-21,15925.0
Amberd 3,2023-03-22,16169.3
Amberd 3,2023-03-23,16524.2
Amberd 3,2023-03-24,17873.8
Amberd 3,2023-03-25,22906.66
Amberd 3,2023-03-26,27041.0
Amberd 3,2023-03-27,36305.5
Amberd 3,2023-03-28,32225.06
Amberd 3,2023-03-29,27312.600000000002
Amberd 3,2023-03-30,23423.4
Amberd 3,2023-03-31,19096.56
Amberd 3,2023-04-01,16988.3
Amberd 3,2023-04-02,14662.2
Amberd 3,2023-04-03,16027.060000000001
Amberd 3,2023-04-04,18726.4
Amberd 3,2023-04-05,36692.46
Amberd 3,2023-04-06,28753.620000000003
Amberd 3,2023-04-07,25998.0
Amberd 3,2023-04-08,23795.1
Amberd 3,2023-04-09,20577.2
Amberd 3,2023-04-10,23310.0
Amberd 3,2023-04-11,30808.54
Amberd 3,2023-04-12,64417.08
Amberd 3,2023-04-13,88760.42
Amberd 3,2023-04-14,60733.12
Amberd 3,2023-04-15,91522.34
Amberd 3,2023-04-16,100707.18000000001
Amberd 3,2023-04-17,73046.12000000001
Amberd 3,2023-04-18,31748.5
Amberd 3,2023-04-19,15005.2
Amberd 3,2023-04-20,10433.5
Amberd 3,2023-04-21,26836.600000000002
Amberd 3,2023-04-22,16752.4
Amberd 3,2023-04-23,9481.5
Amberd 3,2023-04-24,15810.900000000001
Amberd 3,2023-04-25,14858.900000000001
Amberd 3,2023-04-26,17796.8
Amberd 3,2023-04-27,18240.6
Amberd 3,2023-04-28,66054.1
Amberd 3,2023-04-29,74836.3
Amberd 3,2023-04-30,84772.8
Amberd 3,2023-05-01,79792.16
Amberd 3,2023-05-02,52828.020000000004
Amberd 3,2023-05-03,69675.76
Amberd 3,2023-05-04,114461.48
Amberd 3,2023-05-05,105910.42
Amberd 3,2023-05-06,94849.44
Amberd 3,2023-05-07,88222.54000000001
Amberd 3,2023-05-08,62799.100000000006
Amberd 3,2023-05-09,65641.52
Amberd 3,2023-05-10,75013.12
Amberd 3,2023-05-11,84568.26
Amberd 3,2023-05-12,93392.46
Amberd 3,2023-05-13,101055.5
Amberd 3,2023-05-14,102304.02
Amberd 3,2023-05-15,78620.92
Amberd 3,2023-05-16,60283.72
Amberd 3,2023-05-17,61518.94
Amberd 3,2023-05-18,76991.88
Amberd 3,2023-05-19,127832.32
Amberd 3,2023-05-20,188810.02
Amberd 3,2023-05-21,205087.54
Amberd 3,2023-05-22,164263.4
Amberd 3,2023-05-23,187164.6
Amberd 3,2023-05-24,200884.88
Amberd 3,2023-05-25,236421.5
Amberd 3,2023-05-26,242381.86000000002
Amberd 3,2023-05-27,228573.66
Amberd 3,2023-05-28,185113.6
Amberd 3,2023-05-29,234426.78
Amberd 3,2023-05-30,245421.82
Amberd 3,2023-05-31,237879.46000000002
Amberd 3,2023-06-01,242880.96
Amberd 3,2023-06-02,246638.41999999998
Amberd 3,2023-06-03,246882.58000000002
Amberd 3,2023-06-04,250255.88
Amberd 3,2023-06-05,247571.1
Amberd 3,2023-06-06,245032.06
Amberd 3,2023-06-07,245689.64
Amberd 3,2023-06-08,245673.12
Amberd 3,2023-06-09,249351.48
Amberd 3,2023-06-10,242758.88
Amberd 3,2023-06-11,233640.4
Amberd 3,2023-06-12,220708.04
Amberd 3,2023-06-13,218452.22
Amberd 3,2023-06-14,219929.08000000002
Amberd 3,2023-06-15,172555.18
Amberd 3,2023-06-16,160296.5
Amberd 3,2023-06-17,180799.64
Amberd 3,2023-06-18,190480.36000000002
Amberd 3,2023-06-19,164287.62
Amberd 3,2023-06-20,162459.92
Amberd 3,2023-06-21,109030.32
Amberd 3,2023-06-22,131094.88
Amberd 3,2023-06-23,153321.98
Amberd 3,2023-06-24,85659.14
Amberd 3,2023-06-25,69407.1
Amberd 3,2023-06-26,70484.4
Amberd 3,2023-06-27,84023.8
Amberd 3,2023-06-28,76516.86
Amberd 3,2023-06-29,81444.02
Amberd 3,2023-06-30,80589.6
Amberd 3,2023-07-01,74759.3
Amberd 3,2023-07-02,53924.92
Amberd 3,2023-07-03,48662.740000000005
Amberd 3,2023-07-04,50060.36
Amberd 3,2023-07-05,65541.0
Amberd 3,2023-07-06,47593.84
Amberd 3,2023-07-07,48383.58
Amberd 3,2023-07-08,50463.560000000005
Amberd 3,2023-07-09,45025.4
Amberd 3,2023-07-10,37678.9
Amberd 3,2023-07-11,39584.58
Amberd 3,2023-07-12,29109.5
Amberd 3,2023-07-13,24831.1
Amberd 3,2023-07-14,22674.4
Amberd 3,2023-07-15,20746.600000000002
Amberd 3,2023-07-16,19828.9
Amberd 3,2023-07-17,18209.100000000002
Amberd 3,2023-07-18,17822.0
Amberd 3,2023-07-19,17256.4
Amberd 3,2023-07-20,16173.5
Amberd 3,2023-07-21,15451.1
Amberd 3,2023-07-22,15452.5
Amberd 3,2023-07-23,14571.9
Amberd 3,2023-07-24,13587.0
Amberd 3,2023-07-25,18749.5
Amberd 3,2023-07-26,18425.4
Amberd 3,2023-07-27,13659.800000000001
Amberd 3,2023-07-28,13868.4
Amberd 3,2023-07-29,13515.6
Amberd 3,2023-07-30,11896.64
Amberd 3,2023-07-31,10168.06
Amberd 3,2023-08-01,14593.6
Amberd 3,2023-08-02,13064.1
Amberd 3,2023-08-03,10640.7
Amberd 3,2023-08-04,11813.2
Amberd 3,2023-08-05,17168.9
Amberd 3,2023-08-06,12447.4
Amberd 3,2023-08-07,11326.56
Amberd 3,2023-08-08,10523.8
Amberd 3,2023-08-09,10126.62
Amberd 3,2023-08-10,9599.1
Amberd 3,2023-08-11,9057.16
Amberd 3,2023-08-12,8367.800000000001
Amberd 3,2023-08-13,8253.0
Amberd 3,2023-08-14,8169.700000000001
Amberd 3,2023-08-15,9933.7
Amberd 3,2023-08-16,9999.5
Amberd 3,2023-08-17,9785.720000000001
Amberd 3,2023-08-18,9821.0
Amberd 3,2023-08-19,9742.6
Amberd 3,2023-08-20,9774.800000000001
Amberd 3,2023-08-21,11248.720000000001
Amberd 3,2023-08-22,7974.26
Amberd 3,2023-08-23,9785.16
Amberd 3,2023-08-24,10255.0
Amberd 3,2023-08-25,10303.02
Amberd 3,2023-08-26,10144.82
Amberd 3,2023-08-27,9822.82
Amberd 3,2023-08-28,9265.62
Amberd 3,2023-08-29,16713.62
Amberd 3,2023-08-30,12782.7
Amberd 3,2023-08-31,10731.560000000001
Amberd 3,2023-09-01,9879.66
Amberd 3,2023-09-02,9544.36
Amberd 3,2023-09-03,9510.2
Amberd 3,2023-09-04,8831.06
Amberd 3,2023-09-05,8803.2
Amberd 3,2023-09-06,8820.7
Amberd 3,2023-09-07,8593.9
Amberd 3,2023-09-08,7524.16
Amberd 3,2023-09-09,16735.32
Amberd 3,2023-09-10,12177.9
Amberd 3,2023-09-11,10439.800000000001
Amberd 3,2023-09-12,13191.5
Amberd 3,2023-09-13,12945.1
Amberd 3,2023-09-14,12674.9
Amberd 3,2023-09-15,12639.06
Amberd 3,2023-09-16,12180.7
Amberd 3,2023-09-17,11042.5
Amberd 3,2023-09-18,11354.0
Amberd 3,2023-09-19,11234.3
Amberd 3,2023-09-20,11235.7
Amberd 3,2023-09-21,11786.460000000001
Amberd 3,2023-09-22,10911.460000000001
Amberd 3,2023-09-23,10666.6
Amberd 3,2023-09-24,10920.7
Amberd 3,2023-09-25,12968.9
Amberd 3,2023-09-26,15836.66
Amberd 3,2023-09-27,13336.26
Amberd 3,2023-09-28,12321.26
Amberd 3,2023-09-29,12889.1
Amberd 3,2023-09-30,13492.5
Amberd 3,2023-10-01,12045.6
Amberd 3,2023-10-02,24894.52
Amberd 3,2023-10-03,18100.600000000002
Amberd 3,2023-10-04,18700.5
Amberd 3,2023-10-05,16293.2
Amberd 3,2023-10-06,15053.5
Amberd 3,2023-10-07,14050.4
Amberd 3,2023-10-08,13950.16
Amberd 3,2023-10-09,13936.300000000001
Amberd 3,2023-10-10,13694.66
Amberd 3,2023-10-11,13614.300000000001
Amberd 3,2023-10-12,11560.5
Amberd 3,2023-10-13,12888.400000000001
Amberd 3,2023-10-14,12318.6
Amberd 3,2023-10-15,12163.2
Amberd 3,2023-10-16,14231.0
Amberd 3,2023-10-17,13045.2
Amberd 3,2023-10-18,13464.5
Amberd 3,2023-10-19,21967.4
Amberd 3,2023-10-20,16503.2
Amberd 3,2023-10-21,14562.1
Amberd 3,2023-10-22,13319.6
Amberd 3,2023-10-23,13903.26
Amberd 3,2023-10-24,14386.4
Amberd 3,2023-10-25,14288.4
Amberd 3,2023-10-26,14091.7
Amberd 3,2023-10-27,13560.400000000001
Amberd 3,2023-10-28,14360.5
Amberd 3,2023-10-29,15090.6
Amberd 3,2023-10-30,15343.300000000001
Amberd 3,2023-10-31,14618.1
Amberd 3,2023-11-01,13068.3
Amberd 3,2023-11-02,13237.7
Amberd 3,2023-11-03,13321.0
Amberd 3,2023-11-04,11581.5
Amberd 3,2023-11-05,11296.6
Amberd 3,2023-11-06,11258.800000000001
Amberd 3,2023-11-07,11415.6
Amberd 3,2023-11-08,10935.4
Amberd 3,2023-11-09,10521.0
Amberd 3,2023-11-10,11041.800000000001
Amberd 3,2023-11-11,11059.300000000001
Amberd 3,2023-11-12,11116.7
Amberd 3,2023-11-13,10838.1
Amberd 3,2023-11-14,12489.4
Amberd 3,2023-11-15,12364.1
Amberd 3,2023-11-16,12282.9
Amberd 3,2023-11-17,13508.460000000001
Amberd 3,2023-11-18,11914.7
Amberd 3,2023-11-19,11809.0
Amberd 3,2023-11-20,17955.7
Amberd 3,2023-11-21,15988.0
Amberd 3,2023-11-22,14029.400000000001
Amberd 3,2023-11-23,13641.6
Amberd 3,2023-11-24,13076.7
Amberd 3,2023-11-25,12002.2
Amberd 3,2023-11-26,9843.4
Amberd 3,2023-11-27,14111.300000000001
Amberd 3,2023-11-28,11883.2
Amberd 3,2023-11-29,11757.2
Amberd 3,2023-11-30,11829.3
Amberd 3,2023-12-01,11557.7
Amberd 3,2023-12-02,11550.0
Amberd 3,2023-12-03,11571.0
Amberd 3,2023-12-04,13253.800000000001
Amberd 3,2023-12-05,12661.6
Amberd 3,2023-12-06,12149.2
Amberd 3,2023-12-07,13807.5
Amberd 3,2023-12-08,12728.1
Amberd 3,2023-12-09,12014.66
Amberd 3,2023-12-10,8450.82
Amberd 3,2023-12-11,5723.76
Amberd 3,2023-12-12,6174.56
Amberd 3,2023-12-13,5852.0
Amberd 3,2023-12-14,2075.36
Amberd 3,2023-12-15,7739.200000000001
Amberd 3,2023-12-16,13022.1
Amberd 3,2023-12-17,12283.6
Amberd 3,2023-12-18,11305.560000000001
Amberd 3,2023-12-19,12793.9
Amberd 3,2023-12-20,12313.0
Amberd 3,2023-12-21,12769.26
Amberd 3,2023-12-22,12951.4
Amberd 3,2023-12-23,13115.900000000001
Amberd 3,2023-12-24,9282.56
Amberd 3,2023-12-25,5481.0
Amberd 3,2023-12-26,16424.8
Amberd 3,2023-12-27,17081.96
Amberd 3,2023-12-28,14161.0
Amberd 3,2023-12-29,14757.4
Amberd 3,2023-12-30,12873.56
Amberd 3,2023-12-31,12324.9
Amberd 3,2024-01-01,12075.7
Amberd 3,2024-01-02,10539.9
Amberd 3,2024-01-03,13631.8
Amberd 3,2024-01-04,12338.199999999999
Amberd 3,2024-01-05,12996.9
Amberd 3,2024-01-06,12765.9
Amberd 3,2024-01-07,13102.6
Amberd 3,2024-01-08,12584.6
Amberd 3,2024-01-09,12448.1
Amberd 3,2024-01-10,12208.7
Amberd 3,2024-01-11,12404.7
Amberd 3,2024-01-12,12435.5
Amberd 3,2024-01-13,12091.1
Amberd 3,2024-01-14,12901.7
Amberd 3,2024-01-15,12233.2
Amberd 3,2024-01-16,12058.76
Amberd 3,2024-01-17,12088.3
Amberd 3,2024-01-18,11928.0
Amberd 3,2024-01-19,11660.6
Amberd 3,2024-01-20,11892.3
Amberd 3,2024-01-21,11799.2
Amberd 3,2024-01-22,12233.06
Amberd 3,2024-01-23,10563.0
Amberd 3,2024-01-24,0.0
Amberd 3,2024-01-25,0.0
Amberd 3,2024-01-26,7638.400000000001
Amberd 3,2024-01-27,12779.9
Amberd 3,2024-01-28,11748.800000000001
Amberd 3,2024-01-29,13346.2
Amberd 3,2024-01-30,11923.1
Amberd 3,2024-01-31,11653.6
Amberd 3,2024-02-01,11475.800000000001
Amberd 3,2024-02-02,9583.0
Amberd 3,2024-02-03,12916.400000000001
Amberd 3,2024-02-04,11799.2
Amberd 3,2024-02-05,10920.0
Amberd 3,2024-02-06,6694.1
Amberd 3,2024-02-07,6963.6
Amberd 3,2024-02-08,17152.100000000002
Amberd 3,2024-02-09,16242.1
Amberd 3,2024-02-10,13024.9
Amberd 3,2024-02-11,12380.9
Amberd 3,2024-02-12,12372.5
Amberd 3,2024-02-13,12418.0
Amberd 3,2024-02-14,12463.5
Amberd 3,2024-02-15,13083.0
Amberd 3,2024-02-16,12613.3
Amberd 3,2024-02-17,12562.9
Amberd 3,2024-02-18,12443.9
Amberd 3,2024-02-19,12461.4
Amberd 3,2024-02-20,12366.9
Amberd 3,2024-02-21,12189.1
Amberd 3,2024-02-22,12089.7
Amberd 3,2024-02-23,12037.2
Amberd 3,2024-02-24,11816.7
Amberd 3,2024-02-25,11772.6
Amberd 3,2024-02-26,11748.1
Amberd 3,2024-02-27,11678.8
Amberd 3,2024-02-28,11906.3
Amberd 3,2024-02-29,11837.0
Amberd 3,2024-03-01,12137.86
Amberd 3,2024-03-02,11965.8
Amberd 3,2024-03-03,12073.6
Amberd 3,2024-03-04,12427.800000000001
Amberd 3,2024-03-05,12341.7
Amberd 3,2024-03-06,12452.3
Amberd 3,2024-03-07,12554.5
Amberd 3,2024-03-08,12646.9
Amberd 3,2024-03-09,12272.4
Amberd 3,2024-03-10,12214.86
Amberd 3,2024-03-11,12212.9
Amberd 3,2024-03-12,12344.5
Amberd 3,2024-03-13,12217.1
Amberd 3,2024-03-14,12656.0
Amberd 3,2024-03-15,13171.2
Amberd 3,2024-03-16,9235.8
Amberd 3,2024-03-17,12989.9
Amberd 3,2024-03-18,13337.800000000001
Amberd 3,2024-03-19,13607.300000000001
Amberd 3,2024-03-20,13461.7
Amberd 3,2024-03-21,13279.0
Amberd 3,2024-03-22,12350.800000000001
Amberd 3,2024-03-23,14387.800000000001
Amberd 3,2024-03-24,12803.7
Amberd 3,2024-03-25,12770.1
Amberd 3,2024-03-26,12831.7
Amberd 3,2024-03-27,10318.7
Amberd 3,2024-03-28,15125.6
Amberd 3,2024-03-29,14896.7
Amberd 3,2024-03-30,17383.1
Amberd 3,2024-03-31,21863.100000000002
Amberd 3,2024-04-01,25091.5
Amberd 3,2024-04-02,31099.600000000002
Amberd 3,2024-04-03,36316.56
Amberd 3,2024-04-04,32457.600000000002
Amberd 3,2024-04-05,49740.32
Amberd 3,2024-04-06,60811.66
Amberd 3,2024-04-07,56308.28
Amberd 3,2024-04-08,46292.26
Amberd 3,2024-04-09,49786.8
Amberd 3,2024-04-10,58727.06
Amberd 3,2024-04-11,46634.0
Amberd 3,2024-04-12,20252.4
Amberd 3,2024-04-13,22102.5
Amberd 3,2024-04-14,18071.9
Amberd 3,2024-04-15,12196.800000000001
Amberd 3,2024-04-16,44199.26
Amberd 3,2024-04-17,89252.38
Amberd 3,2024-04-18,102280.22
Amberd 3,2024-04-19,122556.14
Amberd 3,2024-04-20,136963.26
Amberd 3,2024-04-21,132315.54
Amberd 3,2024-04-22,122109.68
Amberd 3,2024-04-23,132022.80000000002
Amberd 3,2024-04-24,128966.74
Amberd 3,2024-04-25,132042.96
Amberd 3,2024-04-26,153949.18
Amberd 3,2024-04-27,130324.04000000001
Amberd 3,2024-04-28,152919.48
Amberd 3,2024-04-29,159339.32
Amberd 3,2024-04-30,161222.04
Amberd 3,2024-05-01,127317.82
Amberd 3,2024-05-02,165335.24
Amberd 3,2024-05-03,173216.12
Amberd 3,2024-05-04,159987.24000000002
Amberd 3,2024-05-05,111968.92
Amberd 3,2024-05-06,72811.2
Amberd 3,2024-05-07,68763.24
Amberd 3,2024-05-08,46421.2
Amberd 3,2024-05-09,31060.4
Amberd 3,2024-05-10,25958.8
Amberd 3,2024-05-11,27357.82
Amberd 3,2024-05-12,70284.2
Amberd 3,2024-05-13,80224.34
Amberd 3,2024-05-14,75290.74
Amberd 3,2024-05-15,58884.56
Amberd 3,2024-05-16,50636.18
Amberd 3,2024-05-17,46824.4
Amberd 3,2024-05-18,33297.46
Amberd 3,2024-05-19,21496.3
Amberd 3,2024-05-20,18482.1
Amberd 3,2024-05-21,17726.1
Amberd 3,2024-05-22,20769.7
Amberd 3,2024-05-23,24658.2
Amberd 3,2024-05-24,34075.3
Amberd 3,2024-05-25,41172.32
Amberd 3,2024-05-26,94691.1
Amberd 3,2024-05-27,153579.30000000002
Amberd 3,2024-05-28,112563.22
Amberd 3,2024-05-29,157334.66
Amberd 3,2024-05-30,148407.28
Amberd 3,2024-05-31,151857.3
Amberd 3,2024-06-01,172636.8
Amberd 3,2024-06-02,162357.58000000002
Amberd 3,2024-06-03,171115.7
Amberd 3,2024-06-04,169090.88
Amberd 3,2024-06-05,164997.0
Amberd 3,2024-06-06,166507.88
Amberd 3,2024-06-07,165826.5
Amberd 3,2024-06-08,166964.14
Amberd 3,2024-06-09,161124.18
Amberd 3,2024-06-10,137487.56
Amberd 3,2024-06-11,135204.58
Amberd 3,2024-06-12,100321.62
Amberd 3,2024-06-13,119248.5
Amberd 3,2024-06-14,120902.46
Amberd 3,2024-06-15,108165.96
Amberd 3,2024-06-16,95633.3
Amberd 3,2024-06-17,96402.74
Amberd 3,2024-06-18,84545.86
Amberd 3,2024-06-19,54258.4
Amberd 3,2024-06-20,83899.2
Amberd 3,2024-06-21,82782.56
Amberd 3,2024-06-22,50340.78
Amberd 3,2024-06-23,94177.72
Amberd 3,2024-06-24,84985.04000000001
Amberd 3,2024-06-25,79483.04000000001
Amberd 3,2024-06-26,75233.2
Amberd 3,2024-06-27,64306.76
Amberd 3,2024-06-28,54010.88
Amberd 3,2024-06-29,49332.78
Amberd 3,2024-06-30,64776.74
Amberd 3,2024-07-01,58397.78
Amberd 3,2024-07-02,56283.08
Amberd 3,2024-07-03,46172.700000000004
Amberd 3,2024-07-04,41132.700000000004
Amberd 3,2024-07-05,37042.6
Amberd 3,2024-07-06,35730.1
Amberd 3,2024-07-07,41538.56
Amberd 3,2024-07-08,42261.66
Amberd 3,2024-07-09,41186.88
Amberd 3,2024-07-10,34635.16
Amberd 3,2024-07-11,29570.66
Amberd 3,2024-07-12,27652.8
Amberd 3,2024-07-13,25652.760000000002
Amberd 3,2024-07-14,25264.96
Amberd 3,2024-07-15,26001.64
Amberd 3,2024-07-16,30271.5
Amberd 3,2024-07-17,28545.16
Amberd 3,2024-07-18,26515.300000000003
Amberd 3,2024-07-19,30505.300000000003
Amberd 3,2024-07-20,28137.760000000002
Amberd 3,2024-07-21,25114.6
Amberd 3,2024-07-22,22818.6
Amberd 3,2024-07-23,22262.1
Amberd 3,2024-07-24,21459.2
Amberd 3,2024-07-25,22947.4
Amberd 3,2024-07-26,22297.100000000002
Amberd 3,2024-07-27,22090.6
Amberd 3,2024-07-28,24821.300000000003
Amberd 3,2024-07-29,21837.9
Amberd 3,2024-07-30,10390.800000000001
Amberd 3,2024-07-31,11866.400000000001
Amberd 3,2024-08-01,19275.06
Amberd 3,2024-08-02,19917.1
Amberd 3,2024-08-03,19579.0
Amberd 3,2024-08-04,19224.1
Amberd 3,2024-08-05,18188.66
Amberd 3,2024-08-06,17240.3
Amberd 3,2024-08-07,17438.260000000002
Amberd 3,2024-08-08,16901.5
Amberd 3,2024-08-09,15923.6
Amberd 3,2024-08-10,15649.060000000001
Amberd 3,2024-08-11,17938.9
Amberd 3,2024-08-12,24675.0
Amberd 3,2024-08-13,18920.3
Amberd 3,2024-08-14,17077.9
Amberd 3,2024-08-15,17469.2
Amberd 3,2024-08-16,17221.4
Amberd 3,2024-08-17,16770.600000000002
Amberd 3,2024-08-18,16425.5
Amberd 3,2024-08-19,16200.800000000001
Amberd 3,2024-08-20,15974.0
Amberd 3,2024-08-21,15403.5
Amberd 3,2024-08-22,14799.26
Amberd 3,2024-08-23,14459.2
Amberd 3,2024-08-24,13645.800000000001
Amberd 3,2024-08-25,15059.1
Amberd 3,2024-08-26,14968.66
Amberd 3,2024-08-27,14435.400000000001
Amberd 3,2024-08-28,11793.6
Amberd 3,2024-08-29,13997.06
Amberd 3,2024-08-30,13323.800000000001
Amberd 3,2024-08-31,15120.7
Amberd 3,2024-09-01,14345.8
Amberd 3,2024-09-02,14236.6
Amberd 3,2024-09-03,13958.0
Amberd 3,2024-09-04,13678.7
Amberd 3,2024-09-05,13645.1
Amberd 3,2024-09-06,19192.46
Amberd 3,2024-09-07,18130.7
Amberd 3,2024-09-08,15976.800000000001
Amberd 3,2024-09-09,15549.1
Amberd 3,2024-09-10,17506.86
Amberd 3,2024-09-11,16241.400000000001
Amberd 3,2024-09-12,15405.6
Amberd 3,2024-09-13,15286.6
Amberd 3,2024-09-14,16895.2
Amberd 3,2024-09-15,15990.1
Amberd 3,2024-09-16,15554.7
Amberd 3,2024-09-17,16784.6
Amberd 3,2024-09-18,20349.7
Amberd 3,2024-09-19,19343.100000000002
Amberd 3,2024-09-20,22206.1
Amberd 3,2024-09-21,19899.600000000002
Amberd 3,2024-09-22,19236.7
Amberd 3,2024-09-23,25232.06
Amberd 3,2024-09-24,21714.0
Amberd 3,2024-09-25,19380.9
Amberd 3,2024-09-26,18759.86
Amberd 3,2024-09-27,18346.3
Amberd 3,2024-09-28,17490.9
Amberd 3,2024-09-29,17797.36
Amberd 3,2024-09-30,18456.9
Amberd 3,2024-10-01,18738.3
Amberd 3,2024-10-02,20519.100000000002
Amberd 3,2024-10-03,19692.260000000002
Amberd 3,2024-10-04,18746.7
Amberd 3,2024-10-05,17849.3
Amberd 3,2024-10-06,18108.86
Amberd 3,2024-10-07,17945.9
Amberd 3,2024-10-08,17773.7
Amberd 3,2024-10-09,17928.4
Amberd 3,2024-10-10,17711.260000000002
Amberd 3,2024-10-11,17825.5
Amberd 3,2024-10-12,17483.9
Amberd 3,2024-10-13,16895.2
Amberd 3,2024-10-14,24005.8
Amberd 3,2024-10-15,18918.9
Amberd 3,2024-10-16,19054.0
Amberd 3,2024-10-17,33359.06
Amberd 3,2024-10-18,33622.26
Amberd 3,2024-10-19,24606.260000000002
Amberd 3,2024-10-20,21956.760000000002
Amberd 3,2024-10-21,20771.100000000002
Amberd 3,2024-10-22,18860.66
Amberd 3,2024-10-23,19161.1
Amberd 3,2024-10-24,18952.36
Amberd 3,2024-10-25,18858.56
Amberd 3,2024-10-26,18413.5
Amberd 3,2024-10-27,17506.86
Amberd 3,2024-10-28,17500.56
Amberd 3,2024-10-29,16998.8
Amberd 3,2024-10-30,17255.7
Amberd 3,2024-10-31,17301.760000000002
Amberd 3,2024-11-01,16785.16
Amberd 3,2024-11-02,16394.7
Amberd 3,2024-11-03,16657.06
Amberd 3,2024-11-04,16792.3
Amberd 3,2024-11-05,15399.86
Amberd 3,2024-11-06,16254.7
Amberd 3,2024-11-07,16653.0
Amberd 3,2024-11-08,16422.56
Amberd 3,2024-11-09,15431.5
Amberd 3,2024-11-10,15027.460000000001
Amberd 3,2024-11-11,15229.2
Amberd 3,2024-11-12,15537.76
Amberd 3,2024-11-13,14973.0
Amberd 3,2024-11-14,14854.56
Amberd 3,2024-11-15,14544.6
Amberd 3,2024-11-16,14942.9
Amberd 3,2024-11-17,14837.2
Amberd 3,2024-11-18,15428.0
Amberd 3,2024-11-19,15390.900000000001
Amberd 3,2024-11-20,15238.300000000001
Amberd 3,2024-11-21,14781.900000000001
Amberd 3,2024-11-22,14864.5
Amberd 3,2024-11-23,14672.7
Amberd 3,2024-11-24,14783.300000000001
Amberd 3,2024-11-25,15070.300000000001
Amberd 3,2024-11-26,15070.300000000001
Amberd 3,2024-11-27,15758.400000000001
Amberd 3,2024-11-28,11897.2
Amberd 3,2024-11-29,14378.7
Amberd 3,2024-11-30,16457.7
Amberd 3,2024-12-01,15430.8
Amberd 3,2024-12-02,15957.2
Amberd 3,2024-12-03,15260.0
Amberd 3,2024-12-04,14590.800000000001
Amberd 3,2024-12-05,15325.1
Amberd 3,2024-12-06,14707.7
Amberd 3,2024-12-07,14463.400000000001
Amberd 3,2024-12-08,14766.5
Amberd 3,2024-12-09,14932.4
Amberd 3,2024-12-10,14253.400000000001
Amberd 3,2024-12-11,14170.1
Amberd 3,2024-12-12,14557.2
Amberd 3,2024-12-13,13219.5
Amberd 3,2024-12-14,3318.7000000000003
Amberd 3,2024-12-15,17005.100000000002
Amberd 3,2024-12-16,20314.0
Amberd 3,2024-12-17,17511.06
Amberd 3,2024-12-18,15860.6
Amberd 3,2024-12-19,14834.400000000001
Amberd 3,2024-12-20,15561.7
Amberd 3,2024-12-21,15393.0
Amberd 3,2024-12-22,14840.7
Amberd 3,2024-12-23,14919.800000000001
Amberd 3,2024-12-24,15084.720000000001
Amberd 3,2024-12-25,14988.68
Amberd 3,2024-12-26,14805.7
Amberd 3,2024-12-27,13703.2
Amberd 3,2024-12-28,15369.2
Amberd 3,2024-12-29,14953.400000000001
Amberd 3,2024-12-30,14641.2
Amberd 3,2024-12-31,14707.7
Amberd 3,2025-01-01,14332.5
Amberd 3,2025-01-02,14324.800000000001
Amberd 3,2025-01-03,14254.1
Amberd 3,2025-01-04,14258.300000000001
Amberd 3,2025-01-05,14368.900000000001
Amberd 3,2025-01-06,14295.400000000001
Amberd 3,2025-01-07,14039.900000000001
Amberd 3,2025-01-08,13844.6
Amberd 3,2025-01-09,14192.5
Amberd 3,2025-01-10,13923.7
Amberd 3,2025-01-11,13437.2
Amberd 3,2025-01-12,13624.800000000001
Amberd 3,2025-01-13,13388.2
Amberd 3,2025-01-14,13365.1
Amberd 3,2025-01-15,13426.7
Amberd 3,2025-01-16,13412.7
Amberd 3,2025-01-17,13359.5
Amberd 3,2025-01-18,13537.300000000001
Amberd 3,2025-01-19,13915.300000000001
Amberd 3,2025-01-20,13783.7
Amberd 3,2025-01-21,14286.300000000001
Amberd 3,2025-01-22,13502.300000000001
Amberd 3,2025-01-23,13160.7
Amberd 3,2025-01-24,13143.9
Amberd 3,2025-01-25,13170.36
Amberd 3,2025-01-26,13161.4
Amberd 3,2025-01-27,12802.300000000001
Amberd 3,2025-01-28,12565.7
Amberd 3,2025-01-29,12476.8
Amberd 3,2025-01-30,12185.460000000001
Amberd 3,2025-01-31,12384.4
Amberd 3,2025-02-01,12706.4
Amberd 3,2025-02-02,527.8
Amberd1,2022-01-01,4266.36
Amberd1,2022-01-02,4634.280000000001
Amberd1,2022-01-03,4123.56
Amberd1,2022-01-04,5156.76
Amberd1,2022-01-05,4662.84
Amberd1,2022-01-06,4625.04
Amberd1,2022-01-07,4492.32
Amberd1,2022-01-08,4469.64
Amberd1,2022-01-09,4517.52
Amberd1,2022-01-10,4577.16
Amberd1,2022-01-11,4664.52
Amberd1,2022-01-12,4592.28
Amberd1,2022-01-13,4764.4800000000005
Amberd1,2022-01-14,3005.52
Amberd1,2022-01-15,5354.16
Amberd1,2022-01-16,4497.36
Amberd1,2022-01-17,5193.72
Amberd1,2022-01-18,4647.72
Amberd1,2022-01-19,4456.2
Amberd1,2022-01-20,4183.2
Amberd1,2022-01-21,4508.28
Amberd1,2022-01-22,4641.0
Amberd1,2022-01-23,4346.16
Amberd1,2022-01-24,4377.24
Amberd1,2022-01-25,4418.4
Amberd1,2022-01-26,4361.28
Amberd1,2022-01-27,4415.88
Amberd1,2022-01-28,4358.76
Amberd1,2022-01-29,4326.0
Amberd1,2022-01-30,4233.6
Amberd1,2022-01-31,4360.44
Amberd1,2022-02-01,4375.56
Amberd1,2022-02-02,4341.12
Amberd1,2022-02-03,4304.16
Amberd1,2022-02-04,4318.4400000000005
Amberd1,2022-02-05,2810.6400000000003
Amberd1,2022-02-06,4304.16
Amberd1,2022-02-07,5298.72
Amberd1,2022-02-08,4358.76
Amberd1,2022-02-09,4333.56
Amberd1,2022-02-10,4319.28
Amberd1,2022-02-11,4382.28
Amberd1,2022-02-12,4248.72
Amberd1,2022-02-13,4228.56
Amberd1,2022-02-14,4117.68
Amberd1,2022-02-15,4081.56
Amberd1,2022-02-16,4054.68
Amberd1,2022-02-17,4013.52
Amberd1,2022-02-18,4034.52
Amberd1,2022-02-19,4104.24
Amberd1,2022-02-20,4042.92
Amberd1,2022-02-21,4059.7200000000003
Amberd1,2022-02-22,4123.56
Amberd1,2022-02-23,4232.76
Amberd1,2022-02-24,4171.4400000000005
Amberd1,2022-02-25,4201.68
Amberd1,2022-02-26,4188.24
Amberd1,2022-02-27,4316.76
Amberd1,2022-02-28,4277.28
Amberd1,2022-03-01,4246.2
Amberd1,2022-03-02,4333.56
Amberd1,2022-03-03,4573.8
Amberd1,2022-03-04,2565.36
Amberd1,2022-03-05,1807.68
Amberd1,2022-03-06,5889.24
Amberd1,2022-03-07,5751.4800000000005
Amberd1,2022-03-08,4865.28
Amberd1,2022-03-09,4611.6
Amberd1,2022-03-10,4265.52
Amberd1,2022-03-11,4431.0
Amberd1,2022-03-12,4177.32
Amberd1,2022-03-13,4070.64
Amberd1,2022-03-14,4013.52
Amberd1,2022-03-15,4037.88
Amberd1,2022-03-16,3917.76
Amberd1,2022-03-17,4221.84
Amberd1,2022-03-18,3920.28
Amberd1,2022-03-19,3969.84
Amberd1,2022-03-20,3967.32
Amberd1,2022-03-21,3890.88
Amberd1,2022-03-22,3998.4
Amberd1,2022-03-23,4163.04
Amberd1,2022-03-24,4087.44
Amberd1,2022-03-25,4021.08
Amberd1,2022-03-26,4048.8
Amberd1,2022-03-27,4030.32
Amberd1,2022-03-28,2266.32
Amberd1,2022-03-29,4891.32
Amberd1,2022-03-30,5082.84
Amberd1,2022-03-31,5027.4
Amberd1,2022-04-01,5077.8
Amberd1,2022-04-02,5662.4400000000005
Amberd1,2022-04-03,7132.4400000000005
Amberd1,2022-04-04,7569.24
Amberd1,2022-04-05,7197.12
Amberd1,2022-04-06,6294.96
Amberd1,2022-04-07,5973.24
Amberd1,2022-04-08,5801.04
Amberd1,2022-04-09,6431.88
Amberd1,2022-04-10,7873.320000000001
Amberd1,2022-04-11,9612.960000000001
Amberd1,2022-04-12,10549.56
Amberd1,2022-04-13,9550.8
Amberd1,2022-04-14,7571.76
Amberd1,2022-04-15,7949.76
Amberd1,2022-04-16,10478.16
Amberd1,2022-04-17,14341.32
Amberd1,2022-04-18,16422.0
Amberd1,2022-04-19,18538.8
Amberd1,2022-04-20,19230.12
Amberd1,2022-04-21,19894.56
Amberd1,2022-04-22,24406.2
Amberd1,2022-04-23,25549.44
Amberd1,2022-04-24,30334.920000000002
Amberd1,2022-04-25,38259.48
Amberd1,2022-04-26,43974.0
Amberd1,2022-04-27,53017.44
Amberd1,2022-04-28,45375.96
Amberd1,2022-04-29,52776.36
Amberd1,2022-04-30,48587.28
Amberd1,2022-05-01,47796.840000000004
Amberd1,2022-05-02,46471.32
Amberd1,2022-05-03,40267.08
Amberd1,2022-05-04,40330.92
Amberd1,2022-05-05,46853.520000000004
Amberd1,2022-05-06,39763.08
Amberd1,2022-05-07,33316.08
Amberd1,2022-05-08,30270.24
Amberd1,2022-05-09,28838.04
Amberd1,2022-05-10,28694.4
Amberd1,2022-05-11,28684.32
Amberd1,2022-05-12,26664.12
Amberd1,2022-05-13,22913.52
Amberd1,2022-05-14,23403.24
Amberd1,2022-05-15,30843.96
Amberd1,2022-05-16,45090.36
Amberd1,2022-05-17,42701.4
Amberd1,2022-05-18,47312.16
Amberd1,2022-05-19,49095.48
Amberd1,2022-05-20,52947.72
Amberd1,2022-05-21,44569.56
Amberd1,2022-05-22,47718.72
Amberd1,2022-05-23,49076.16
Amberd1,2022-05-24,42871.92
Amberd1,2022-05-25,35857.08
Amberd1,2022-05-26,30104.760000000002
Amberd1,2022-05-27,31555.44
Amberd1,2022-05-28,44233.56
Amberd1,2022-05-29,55279.560000000005
Amberd1,2022-05-30,57527.4
Amberd1,2022-05-31,57762.600000000006
Amberd1,2022-06-01,54393.36
Amberd1,2022-06-02,57780.24
Amberd1,2022-06-03,57975.12
Amberd1,2022-06-04,58159.92
Amberd1,2022-06-05,56270.76
Amberd1,2022-06-06,57750.0
Amberd1,2022-06-07,50935.92
Amberd1,2022-06-08,52599.96000000001
Amberd1,2022-06-09,54511.8
Amberd1,2022-06-10,50225.28
Amberd1,2022-06-11,49985.04
Amberd1,2022-06-12,44794.68
Amberd1,2022-06-13,48693.12
Amberd1,2022-06-14,38740.8
Amberd1,2022-06-15,34757.520000000004
Amberd1,2022-06-16,33832.68
Amberd1,2022-06-17,34483.68
Amberd1,2022-06-18,34303.92
Amberd1,2022-06-19,34114.92
Amberd1,2022-06-20,34941.48
Amberd1,2022-06-21,30738.96
Amberd1,2022-06-22,26095.440000000002
Amberd1,2022-06-23,21742.56
Amberd1,2022-06-24,20169.24
Amberd1,2022-06-25,21325.08
Amberd1,2022-06-26,24870.72
Amberd1,2022-06-27,20019.72
Amberd1,2022-06-28,18105.36
Amberd1,2022-06-29,16475.760000000002
Amberd1,2022-06-30,15858.36
Amberd1,2022-07-01,15983.52
Amberd1,2022-07-02,17202.36
Amberd1,2022-07-03,13894.44
Amberd1,2022-07-04,11942.28
Amberd1,2022-07-05,11486.16
Amberd1,2022-07-06,10816.68
Amberd1,2022-07-07,10506.720000000001
Amberd1,2022-07-08,10081.68
Amberd1,2022-07-09,9843.960000000001
Amberd1,2022-07-10,9452.52
Amberd1,2022-07-11,9110.64
Amberd1,2022-07-12,8745.24
Amberd1,2022-07-13,8446.2
Amberd1,2022-07-14,8179.92
Amberd1,2022-07-15,7901.88
Amberd1,2022-07-16,7658.28
Amberd1,2022-07-17,7376.04
Amberd1,2022-07-18,7167.72
Amberd1,2022-07-19,6304.2
Amberd1,2022-07-20,6873.72
Amberd1,2022-07-21,6819.12
Amberd1,2022-07-22,6805.68
Amberd1,2022-07-23,6678.0
Amberd1,2022-07-24,6633.4800000000005
Amberd1,2022-07-25,5934.6
Amberd1,2022-07-26,6289.08
Amberd1,2022-07-27,6198.360000000001
Amberd1,2022-07-28,6128.64
Amberd1,2022-07-29,6007.68
Amberd1,2022-07-30,5960.64
Amberd1,2022-07-31,5933.76
Amberd1,2022-08-01,5894.28
Amberd1,2022-08-02,5916.12
Amberd1,2022-08-03,5773.32
Amberd1,2022-08-04,5748.96
Amberd1,2022-08-05,5661.6
Amberd1,2022-08-06,5639.76
Amberd1,2022-08-07,5528.88
Amberd1,2022-08-08,7001.400000000001
Amberd1,2022-08-09,6168.96
Amberd1,2022-08-10,5588.52
Amberd1,2022-08-11,5454.96
Amberd1,2022-08-12,5469.24
Amberd1,2022-08-13,5398.68
Amberd1,2022-08-14,5265.12
Amberd1,2022-08-15,5232.360000000001
Amberd1,2022-08-16,5089.56
Amberd1,2022-08-17,4987.92
Amberd1,2022-08-18,4916.52
Amberd1,2022-08-19,4897.2
Amberd1,2022-08-20,4812.36
Amberd1,2022-08-21,4727.52
Amberd1,2022-08-22,4709.88
Amberd1,2022-08-23,3726.2400000000002
Amberd1,2022-08-24,4705.68
Amberd1,2022-08-25,4699.8
Amberd1,2022-08-26,4635.12
Amberd1,2022-08-27,4662.0
Amberd1,2022-08-28,4615.8
Amberd1,2022-08-29,4646.88
Amberd1,2022-08-30,4616.64
Amberd1,2022-08-31,4657.8
Amberd1,2022-09-01,4562.88
Amberd1,2022-09-02,4494.0
Amberd1,2022-09-03,4415.88
Amberd1,2022-09-04,4498.2
Amberd1,2022-09-05,4635.96
Amberd1,2022-09-06,4962.72
Amberd1,2022-09-07,5220.6
Amberd1,2022-09-08,5229.84
Amberd1,2022-09-09,4982.04
Amberd1,2022-09-10,5019.0
Amberd1,2022-09-11,4911.4800000000005
Amberd1,2022-09-12,4872.84
Amberd1,2022-09-13,4718.28
Amberd1,2022-09-14,4723.32
Amberd1,2022-09-15,4766.16
Amberd1,2022-09-16,4588.08
Amberd1,2022-09-17,4563.72
Amberd1,2022-09-18,4620.84
Amberd1,2022-09-19,4497.36
Amberd1,2022-09-20,4463.76
Amberd1,2022-09-21,4458.72
Amberd1,2022-09-22,6410.04
Amberd1,2022-09-23,6131.16
Amberd1,2022-09-24,5076.12
Amberd1,2022-09-25,5078.64
Amberd1,2022-09-26,5087.88
Amberd1,2022-09-27,5013.96
Amberd1,2022-09-28,4941.72
Amberd1,2022-09-29,4980.360000000001
Amberd1,2022-09-30,5012.28
Amberd1,2022-10-01,4977.84
Amberd1,2022-10-02,5013.96
Amberd1,2022-10-03,4961.04
Amberd1,2022-10-04,4835.04
Amberd1,2022-10-05,4784.64
Amberd1,2022-10-06,3397.8
Amberd1,2022-10-07,4869.4800000000005
Amberd1,2022-10-08,4997.16
Amberd1,2022-10-09,6261.360000000001
Amberd1,2022-10-10,6213.4800000000005
Amberd1,2022-10-11,5253.36
Amberd1,2022-10-12,5106.36
Amberd1,2022-10-13,5101.32
Amberd1,2022-10-14,5522.16
Amberd1,2022-10-15,6081.6
Amberd1,2022-10-16,6226.08
Amberd1,2022-10-17,5538.96
Amberd1,2022-10-18,5155.92
Amberd1,2022-10-19,5138.28
Amberd1,2022-10-20,5157.6
Amberd1,2022-10-21,5347.4400000000005
Amberd1,2022-10-22,5246.64
Amberd1,2022-10-23,5154.24
Amberd1,2022-10-24,5067.72
Amberd1,2022-10-25,4879.56
Amberd1,2022-10-26,4810.68
Amberd1,2022-10-27,4716.6
Amberd1,2022-10-28,4823.28
Amberd1,2022-10-29,4668.72
Amberd1,2022-10-30,4693.08
Amberd1,2022-10-31,4698.96
Amberd1,2022-11-01,4603.2
Amberd1,2022-11-02,4439.4
Amberd1,2022-11-03,4598.16
Amberd1,2022-11-04,4715.76
Amberd1,2022-11-05,4609.92
Amberd1,2022-11-06,4745.16
Amberd1,2022-11-07,4534.32
Amberd1,2022-11-08,4562.88
Amberd1,2022-11-09,4548.6
Amberd1,2022-11-10,4562.88
Amberd1,2022-11-11,4651.92
Amberd1,2022-11-12,4441.08
Amberd1,2022-11-13,4363.8
Amberd1,2022-11-14,4363.8
Amberd1,2022-11-15,4259.64
Amberd1,2022-11-16,4487.28
Amberd1,2022-11-17,4636.8
Amberd1,2022-11-18,4577.16
Amberd1,2022-11-19,4643.52
Amberd1,2022-11-20,4522.56
Amberd1,2022-11-21,4588.92
Amberd1,2022-11-22,4125.24
Amberd1,2022-11-23,4434.36
Amberd1,2022-11-24,4494.0
Amberd1,2022-11-25,4782.12
Amberd1,2022-11-26,5328.96
Amberd1,2022-11-27,4667.88
Amberd1,2022-11-28,4617.4800000000005
Amberd1,2022-11-29,4651.08
Amberd1,2022-11-30,4765.32
Amberd1,2022-12-01,4805.64
Amberd1,2022-12-02,4653.6
Amberd1,2022-12-03,4583.88
Amberd1,2022-12-04,4513.32
Amberd1,2022-12-05,4561.2
Amberd1,2022-12-06,4556.16
Amberd1,2022-12-07,4389.0
Amberd1,2022-12-08,4436.88
Amberd1,2022-12-09,4106.76
Amberd1,2022-12-10,4027.8
Amberd1,2022-12-11,3904.32
Amberd1,2022-12-12,4572.12
Amberd1,2022-12-13,4634.280000000001
Amberd1,2022-12-14,4520.04
Amberd1,2022-12-15,4481.4
Amberd1,2022-12-16,4439.4
Amberd1,2022-12-17,4391.52
Amberd1,2022-12-18,4076.52
Amberd1,2022-12-19,4084.08
Amberd1,2022-12-20,4290.72
Amberd1,2022-12-21,4333.56
Amberd1,2022-12-22,3627.12
Amberd1,2022-12-23,3294.48
Amberd1,2022-12-24,4208.4
Amberd1,2022-12-25,3895.92
Amberd1,2022-12-26,3122.28
Amberd1,2022-12-27,3319.6800000000003
Amberd1,2022-12-28,3704.4
Amberd1,2022-12-29,4060.56
Amberd1,2022-12-30,3753.12
Amberd1,2022-12-31,3988.32
Amberd1,2023-01-01,3843.0
Amberd1,2023-01-02,3968.16
Amberd1,2023-01-03,4194.96
Amberd1,2023-01-04,4056.36
Amberd1,2023-01-05,3900.12
Amberd1,2023-01-06,3743.04
Amberd1,2023-01-07,3960.6000000000004
Amberd1,2023-01-08,3924.48
Amberd1,2023-01-09,3967.32
Amberd1,2023-01-10,3767.4
Amberd1,2023-01-11,3726.2400000000002
Amberd1,2023-01-12,3685.08
Amberd1,2023-01-13,3639.7200000000003
Amberd1,2023-01-14,3664.08
Amberd1,2023-01-15,3824.52
Amberd1,2023-01-16,3853.08
Amberd1,2023-01-17,3855.6000000000004
Amberd1,2023-01-18,3754.8
Amberd1,2023-01-19,3754.8
Amberd1,2023-01-20,3876.6000000000004
Amberd1,2023-01-21,3806.04
Amberd1,2023-01-22,3753.12
Amberd1,2023-01-23,3629.6400000000003
Amberd1,2023-01-24,3578.4
Amberd1,2023-01-25,3566.6400000000003
Amberd1,2023-01-26,3531.36
Amberd1,2023-01-27,3475.08
Amberd1,2023-01-28,3660.7200000000003
Amberd1,2023-01-29,3757.32
Amberd1,2023-01-30,3638.04
Amberd1,2023-01-31,3724.56
Amberd1,2023-02-01,3878.28
Amberd1,2023-02-02,3869.88
Amberd1,2023-02-03,3543.96
Amberd1,2023-02-04,3677.52
Amberd1,2023-02-05,4056.36
Amberd1,2023-02-06,2846.76
Amberd1,2023-02-07,2195.76
Amberd1,2023-02-08,5613.72
Amberd1,2023-02-09,4857.72
Amberd1,2023-02-10,4133.64
Amberd1,2023-02-11,3801.84
Amberd1,2023-02-12,3748.08
Amberd1,2023-02-13,3401.16
Amberd1,2023-02-14,3488.52
Amberd1,2023-02-15,4119.36
Amberd1,2023-02-16,3812.76
Amberd1,2023-02-17,3323.04
Amberd1,2023-02-18,4232.76
Amberd1,2023-02-19,3816.96
Amberd1,2023-02-20,3941.28
Amberd1,2023-02-21,3559.08
Amberd1,2023-02-22,3457.44
Amberd1,2023-02-23,4498.2
Amberd1,2023-02-24,3890.88
Amberd1,2023-02-25,3730.44
Amberd1,2023-02-26,3764.88
Amberd1,2023-02-27,3633.84
Amberd1,2023-02-28,3743.0400000000004
Amberd1,2023-03-01,3904.32
Amberd1,2023-03-02,3879.12
Amberd1,2023-03-03,3978.2400000000002
Amberd1,2023-03-04,3938.76
Amberd1,2023-03-05,4009.32
Amberd1,2023-03-06,3165.12
Amberd1,2023-03-07,4502.4
Amberd1,2023-03-08,4086.6
Amberd1,2023-03-09,4026.12
Amberd1,2023-03-10,3936.2400000000002
Amberd1,2023-03-11,3994.2000000000003
Amberd1,2023-03-12,4066.44
Amberd1,2023-03-13,4120.2
Amberd1,2023-03-14,4650.24
Amberd1,2023-03-15,5680.08
Amberd1,2023-03-16,6084.12
Amberd1,2023-03-17,5685.96
Amberd1,2023-03-18,5648.16
Amberd1,2023-03-19,5591.04
Amberd1,2023-03-20,4940.88
Amberd1,2023-03-21,4569.6
Amberd1,2023-03-22,4782.12
Amberd1,2023-03-23,4857.72
Amberd1,2023-03-24,5250.0
Amberd1,2023-03-25,5755.68
Amberd1,2023-03-26,6520.92
Amberd1,2023-03-27,7095.4800000000005
Amberd1,2023-03-28,6000.12
Amberd1,2023-03-29,6005.16
Amberd1,2023-03-30,5657.4
Amberd1,2023-03-31,5177.76
Amberd1,2023-04-01,4956.0
Amberd1,2023-04-02,4658.64
Amberd1,2023-04-03,5537.28
Amberd1,2023-04-04,5982.48
Amberd1,2023-04-05,7225.68
Amberd1,2023-04-06,7830.4800000000005
Amberd1,2023-04-07,7246.68
Amberd1,2023-04-08,6671.280000000001
Amberd1,2023-04-09,5807.76
Amberd1,2023-04-10,6163.92
Amberd1,2023-04-11,5973.24
Amberd1,2023-04-12,13745.76
Amberd1,2023-04-13,12551.28
Amberd1,2023-04-14,10069.92
Amberd1,2023-04-15,8757.0
Amberd1,2023-04-16,8332.8
Amberd1,2023-04-17,9654.12
Amberd1,2023-04-18,12033.0
Amberd1,2023-04-19,16436.28
Amberd1,2023-04-20,19294.8
Amberd1,2023-04-21,19111.68
Amberd1,2023-04-22,16343.880000000001
Amberd1,2023-04-23,15690.36
Amberd1,2023-04-24,17877.72
Amberd1,2023-04-25,18085.2
Amberd1,2023-04-26,19352.760000000002
Amberd1,2023-04-27,19007.52
Amberd1,2023-04-28,18858.0
Amberd1,2023-04-29,19996.2
Amberd1,2023-04-30,22497.72
Amberd1,2023-05-01,22354.08
Amberd1,2023-05-02,19213.32
Amberd1,2023-05-03,16692.48
Amberd1,2023-05-04,14392.56
Amberd1,2023-05-05,13938.960000000001
Amberd1,2023-05-06,15342.6
Amberd1,2023-05-07,17295.6
Amberd1,2023-05-08,20286.84
Amberd1,2023-05-09,21547.68
Amberd1,2023-05-10,24186.12
Amberd1,2023-05-11,29948.52
Amberd1,2023-05-12,34103.16
Amberd1,2023-05-13,36235.92
Amberd1,2023-05-14,34740.72
Amberd1,2023-05-15,28648.2
Amberd1,2023-05-16,24165.120000000003
Amberd1,2023-05-17,26016.48
Amberd1,2023-05-18,31662.96
Amberd1,2023-05-19,39108.72
Amberd1,2023-05-20,41117.16
Amberd1,2023-05-21,43502.76
Amberd1,2023-05-22,35847.0
Amberd1,2023-05-23,41007.96
Amberd1,2023-05-24,49390.32
Amberd1,2023-05-25,52354.68
Amberd1,2023-05-26,54075.840000000004
Amberd1,2023-05-27,56171.64
Amberd1,2023-05-28,57245.16
Amberd1,2023-05-29,57426.6
Amberd1,2023-05-30,57559.32
Amberd1,2023-05-31,57911.280000000006
Amberd1,2023-06-01,57800.4
Amberd1,2023-06-02,57630.72
Amberd1,2023-06-03,58047.36
Amberd1,2023-06-04,57990.240000000005
Amberd1,2023-06-05,57936.48
Amberd1,2023-06-06,58059.12
Amberd1,2023-06-07,57534.12
Amberd1,2023-06-08,56626.08
Amberd1,2023-06-09,57355.200000000004
Amberd1,2023-06-10,56794.920000000006
Amberd1,2023-06-11,55027.56
Amberd1,2023-06-12,51686.88
Amberd1,2023-06-13,53046.840000000004
Amberd1,2023-06-14,50677.200000000004
Amberd1,2023-06-15,40927.32
Amberd1,2023-06-16,37821.840000000004
Amberd1,2023-06-17,41411.16
Amberd1,2023-06-18,42463.68
Amberd1,2023-06-19,36663.48
Amberd1,2023-06-20,36143.52
Amberd1,2023-06-21,30955.68
Amberd1,2023-06-22,33006.12
Amberd1,2023-06-23,34654.200000000004
Amberd1,2023-06-24,31814.16
Amberd1,2023-06-25,27136.2
Amberd1,2023-06-26,28090.44
Amberd1,2023-06-27,31963.68
Amberd1,2023-06-28,29491.56
Amberd1,2023-06-29,30531.48
Amberd1,2023-06-30,30685.2
Amberd1,2023-07-01,28326.48
Amberd1,2023-07-02,22918.56
Amberd1,2023-07-03,21840.0
Amberd1,2023-07-04,22847.16
Amberd1,2023-07-05,25398.24
Amberd1,2023-07-06,20517.84
Amberd1,2023-07-07,19213.32
Amberd1,2023-07-08,21194.88
Amberd1,2023-07-09,19300.68
Amberd1,2023-07-10,16696.68
Amberd1,2023-07-11,16399.32
Amberd1,2023-07-12,13203.96
Amberd1,2023-07-13,11913.72
Amberd1,2023-07-14,11571.84
Amberd1,2023-07-15,11487.84
Amberd1,2023-07-16,11161.08
Amberd1,2023-07-17,10583.16
Amberd1,2023-07-18,8063.16
Amberd1,2023-07-19,9499.56
Amberd1,2023-07-20,9298.8
Amberd1,2023-07-21,9026.64
Amberd1,2023-07-22,8885.52
Amberd1,2023-07-23,8256.36
Amberd1,2023-07-24,7350.84
Amberd1,2023-07-25,8337.84
Amberd1,2023-07-26,8354.64
Amberd1,2023-07-27,2379.7200000000003
Amberd1,2023-07-28,7108.92
Amberd1,2023-07-29,6996.360000000001
Amberd1,2023-07-30,6789.72
Amberd1,2023-07-31,6622.56
Amberd1,2023-08-01,6382.32
Amberd1,2023-08-02,6139.56
Amberd1,2023-08-03,6024.4800000000005
Amberd1,2023-08-04,6444.48
Amberd1,2023-08-05,8242.92
Amberd1,2023-08-06,6460.44
Amberd1,2023-08-07,6047.16
Amberd1,2023-08-08,5793.4800000000005
Amberd1,2023-08-09,5726.28
Amberd1,2023-08-10,5528.04
Amberd1,2023-08-11,5420.52
Amberd1,2023-08-12,5310.4800000000005
Amberd1,2023-08-13,5081.16
Amberd1,2023-08-14,4934.16
Amberd1,2023-08-15,4790.52
Amberd1,2023-08-16,4737.6
Amberd1,2023-08-17,4635.12
Amberd1,2023-08-18,4590.6
Amberd1,2023-08-19,4621.68
Amberd1,2023-08-20,4601.52
Amberd1,2023-08-21,4834.2
Amberd1,2023-08-22,5162.64
Amberd1,2023-08-23,3796.8
Amberd1,2023-08-24,4481.4
Amberd1,2023-08-25,4522.56
Amberd1,2023-08-26,4565.4
Amberd1,2023-08-27,4494.0
Amberd1,2023-08-28,4431.84
Amberd1,2023-08-29,7483.56
Amberd1,2023-08-30,5830.4400000000005
Amberd1,2023-08-31,5054.28
Amberd1,2023-09-01,4764.4800000000005
Amberd1,2023-09-02,4637.64
Amberd1,2023-09-03,4525.08
Amberd1,2023-09-04,4496.52
Amberd1,2023-09-05,4401.6
Amberd1,2023-09-06,4326.84
Amberd1,2023-09-07,4367.16
Amberd1,2023-09-08,4316.76
Amberd1,2023-09-09,0.0
Amberd1,2023-09-10,2150.4
Amberd1,2023-09-11,4966.08
Amberd1,2023-09-12,6012.72
Amberd1,2023-09-13,5619.6
Amberd1,2023-09-14,5302.92
Amberd1,2023-09-15,4878.72
Amberd1,2023-09-16,4728.36
Amberd1,2023-09-17,4639.32
Amberd1,2023-09-18,4589.76
Amberd1,2023-09-19,4468.8
Amberd1,2023-09-20,4378.08
Amberd1,2023-09-21,4530.12
Amberd1,2023-09-22,4319.28
Amberd1,2023-09-23,4214.28
Amberd1,2023-09-24,4235.28
Amberd1,2023-09-25,4965.24
Amberd1,2023-09-26,6044.64
Amberd1,2023-09-27,5100.4800000000005
Amberd1,2023-09-28,4631.76
Amberd1,2023-09-29,4625.04
Amberd1,2023-09-30,4976.16
Amberd1,2023-10-01,4653.6
Amberd1,2023-10-02,9342.48
Amberd1,2023-10-03,6727.56
Amberd1,2023-10-04,6813.240000000001
Amberd1,2023-10-05,6030.360000000001
Amberd1,2023-10-06,5552.400000000001
Amberd1,2023-10-07,5334.84
Amberd1,2023-10-08,5087.04
Amberd1,2023-10-09,4916.52
Amberd1,2023-10-10,4877.04
Amberd1,2023-10-11,4683.84
Amberd1,2023-10-12,3760.6800000000003
Amberd1,2023-10-13,4429.32
Amberd1,2023-10-14,4440.24
Amberd1,2023-10-15,4395.72
Amberd1,2023-10-16,4992.96
Amberd1,2023-10-17,4583.04
Amberd1,2023-10-18,5013.12
Amberd1,2023-10-19,7968.24
Amberd1,2023-10-20,5836.32
Amberd1,2023-10-21,4350.360000000001
Amberd1,2023-10-22,4588.08
Amberd1,2023-10-23,5013.96
Amberd1,2023-10-24,4992.96
Amberd1,2023-10-25,4972.8
Amberd1,2023-10-26,4903.08
Amberd1,2023-10-27,4856.88
Amberd1,2023-10-28,4756.92
Amberd1,2023-10-29,4701.4800000000005
Amberd1,2023-10-30,4589.76
Amberd1,2023-10-31,4493.16
Amberd1,2023-11-01,4441.08
Amberd1,2023-11-02,4454.5199999999995
Amberd1,2023-11-03,4824.12
Amberd1,2023-11-04,4654.4400000000005
Amberd1,2023-11-05,4404.96
Amberd1,2023-11-06,4342.8
Amberd1,2023-11-07,4441.08
Amberd1,2023-11-08,4127.76
Amberd1,2023-11-09,4151.28
Amberd1,2023-11-10,4193.28
Amberd1,2023-11-11,4155.48
Amberd1,2023-11-12,4070.6400000000003
Amberd1,2023-11-13,4021.92
Amberd1,2023-11-14,4467.12
Amberd1,2023-11-15,4356.24
Amberd1,2023-11-16,4326.84
Amberd1,2023-11-17,5020.68
Amberd1,2023-11-18,4569.6
Amberd1,2023-11-19,4636.8
Amberd1,2023-11-20,6431.04
Amberd1,2023-11-21,5108.04
Amberd1,2023-11-22,5149.2
Amberd1,2023-11-23,5229.0
Amberd1,2023-11-24,5116.4400000000005
Amberd1,2023-11-25,4864.4400000000005
Amberd1,2023-11-26,4181.52
Amberd1,2023-11-27,2824.08
Amberd1,2023-11-28,0.0
Amberd1,2023-11-29,0.0
Amberd1,2023-11-30,0.0
Amberd1,2023-12-01,0.0
Amberd1,2023-12-02,0.0
Amberd1,2023-12-03,0.0
Amberd1,2023-12-04,0.0
Amberd1,2023-12-05,0.0
Amberd1,2023-12-06,0.0
Amberd1,2023-12-07,0.0
Amberd1,2023-12-08,0.0
Amberd1,2023-12-09,0.0
Amberd1,2023-12-10,0.0
Amberd1,2023-12-11,0.0
Amberd1,2023-12-12,0.0
Amberd1,2023-12-13,0.0
Amberd1,2023-12-14,0.0
Amberd1,2023-12-15,0.0
Amberd1,2023-12-16,0.0
Amberd1,2023-12-17,0.0
Amberd1,2023-12-18,0.0
Amberd1,2023-12-19,0.0
Amberd1,2023-12-20,0.0
Amberd1,2023-12-21,0.0
Amberd1,2023-12-22,948.36
Amberd1,2023-12-23,4200.84
Amberd1,2023-12-24,2570.4
Amberd1,2023-12-25,868.56
Amberd1,2023-12-26,3572.52
Amberd1,2023-12-27,3251.64
Amberd1,2023-12-28,4971.96
Amberd1,2023-12-29,4776.24
Amberd1,2023-12-30,4156.32
Amberd1,2023-12-31,4086.6
Amberd1,2024-01-01,4053.0
Amberd1,2024-01-02,3301.2
Amberd1,2024-01-03,3886.6800000000003
Amberd1,2024-01-04,3652.32
Amberd1,2024-01-05,2158.8
Amberd1,2024-01-06,3959.76
Amberd1,2024-01-07,4116.0
Amberd1,2024-01-08,4058.04
Amberd1,2024-01-09,4087.44
Amberd1,2024-01-10,3988.32
Amberd1,2024-01-11,3942.12
Amberd1,2024-01-12,3926.1600000000003
Amberd1,2024-01-13,3890.88
Amberd1,2024-01-14,4232.76
Amberd1,2024-01-15,4016.88
Amberd1,2024-01-16,3926.1600000000003
Amberd1,2024-01-17,3930.36
Amberd1,2024-01-18,3798.48
Amberd1,2024-01-19,3765.7200000000003
Amberd1,2024-01-20,3895.92
Amberd1,2024-01-21,3927.84
Amberd1,2024-01-22,4014.36
Amberd1,2024-01-23,3429.7200000000003
Amberd1,2024-01-24,0.0
Amberd1,2024-01-25,0.0
Amberd1,2024-01-26,1196.16
Amberd1,2024-01-27,3904.32
Amberd1,2024-01-28,3483.48
Amberd1,2024-01-29,3953.04
Amberd1,2024-01-30,3601.08
Amberd1,2024-01-31,3706.08
Amberd1,2024-02-01,3672.48
Amberd1,2024-02-02,3035.76
Amberd1,2024-02-03,3786.7200000000003
Amberd1,2024-02-04,3856.44
Amberd1,2024-02-05,3121.44
Amberd1,2024-02-06,1941.24
Amberd1,2024-02-07,1572.48
Amberd1,2024-02-08,5663.28
Amberd1,2024-02-09,5539.8
Amberd1,2024-02-10,4261.32
Amberd1,2024-02-11,3938.76
Amberd1,2024-02-12,3883.32
Amberd1,2024-02-13,3845.52
Amberd1,2024-02-14,3835.44
Amberd1,2024-02-15,3905.1600000000003
Amberd1,2024-02-16,3842.16
Amberd1,2024-02-17,3778.32
Amberd1,2024-02-18,3823.6800000000003
Amberd1,2024-02-19,3698.52
Amberd1,2024-02-20,3644.76
Amberd1,2024-02-21,3657.36
Amberd1,2024-02-22,3668.28
Amberd1,2024-02-23,3648.96
Amberd1,2024-02-24,3568.32
Amberd1,2024-02-25,3472.56
Amberd1,2024-02-26,3403.68
Amberd1,2024-02-27,3318.84
Amberd1,2024-02-28,3417.12
Amberd1,2024-02-29,3365.88
Amberd1,2024-03-01,3417.96
Amberd1,2024-03-02,3462.48
Amberd1,2024-03-03,3465.84
Amberd1,2024-03-04,3574.2
Amberd1,2024-03-05,3514.56
Amberd1,2024-03-06,3507.84
Amberd1,2024-03-07,3554.04
Amberd1,2024-03-08,3547.32
Amberd1,2024-03-09,3482.64
Amberd1,2024-03-10,3441.48
Amberd1,2024-03-11,3412.92
Amberd1,2024-03-12,3332.28
Amberd1,2024-03-13,3380.16
Amberd1,2024-03-14,3448.2
Amberd1,2024-03-15,3484.32
Amberd1,2024-03-16,3606.96
Amberd1,2024-03-17,3420.48
Amberd1,2024-03-18,3486.0
Amberd1,2024-03-19,3519.6
Amberd1,2024-03-20,3452.4
Amberd1,2024-03-21,3415.44
Amberd1,2024-03-22,3157.56
Amberd1,2024-03-23,4059.7200000000003
Amberd1,2024-03-24,3412.0800000000004
Amberd1,2024-03-25,3420.48
Amberd1,2024-03-26,3454.08
Amberd1,2024-03-27,2290.6800000000003
Amberd1,2024-03-28,4287.36
Amberd1,2024-03-29,3743.04
Amberd1,2024-03-30,3694.32
Amberd1,2024-03-31,3984.96
Amberd1,2024-04-01,4456.2
Amberd1,2024-04-02,5435.64
Amberd1,2024-04-03,6426.0
Amberd1,2024-04-04,7266.0
Amberd1,2024-04-05,7886.76
Amberd1,2024-04-06,8773.8
Amberd1,2024-04-07,8149.68
Amberd1,2024-04-08,7669.2
Amberd1,2024-04-09,8770.44
Amberd1,2024-04-10,10957.8
Amberd1,2024-04-11,11204.76
Amberd1,2024-04-12,11904.48
Amberd1,2024-04-13,13870.08
Amberd1,2024-04-14,14909.16
Amberd1,2024-04-15,14869.68
Amberd1,2024-04-16,17338.44
Amberd1,2024-04-17,20690.04
Amberd1,2024-04-18,24475.08
Amberd1,2024-04-19,25365.48
Amberd1,2024-04-20,27793.08
Amberd1,2024-04-21,32645.760000000002
Amberd1,2024-04-22,31522.68
Amberd1,2024-04-23,33580.68
Amberd1,2024-04-24,33751.2
Amberd1,2024-04-25,35651.28
Amberd1,2024-04-26,41234.76
Amberd1,2024-04-27,48903.96
Amberd1,2024-04-28,55639.08
Amberd1,2024-04-29,56721.840000000004
Amberd1,2024-04-30,57495.48
Amberd1,2024-05-01,40052.04
Amberd1,2024-05-02,36933.96
Amberd1,2024-05-03,38177.16
Amberd1,2024-05-04,36201.48
Amberd1,2024-05-05,29846.04
Amberd1,2024-05-06,24266.760000000002
Amberd1,2024-05-07,21241.08
Amberd1,2024-05-08,18889.08
Amberd1,2024-05-09,18315.36
Amberd1,2024-05-10,19015.920000000002
Amberd1,2024-05-11,17332.56
Amberd1,2024-05-12,33544.56
Amberd1,2024-05-13,33758.76
Amberd1,2024-05-14,31235.4
Amberd1,2024-05-15,26727.96
Amberd1,2024-05-16,25570.44
Amberd1,2024-05-17,24783.36
Amberd1,2024-05-18,22489.32
Amberd1,2024-05-19,22066.8
Amberd1,2024-05-20,21976.920000000002
Amberd1,2024-05-21,22990.8
Amberd1,2024-05-22,24459.12
Amberd1,2024-05-23,26262.600000000002
Amberd1,2024-05-24,30880.08
Amberd1,2024-05-25,30983.4
Amberd1,2024-05-26,39886.56
Amberd1,2024-05-27,42654.36
Amberd1,2024-05-28,39574.92
Amberd1,2024-05-29,53826.36
Amberd1,2024-05-30,48761.16
Amberd1,2024-05-31,55430.76
Amberd1,2024-06-01,55659.240000000005
Amberd1,2024-06-02,55102.32000000001
Amberd1,2024-06-03,55911.24
Amberd1,2024-06-04,55975.92
Amberd1,2024-06-05,55702.920000000006
Amberd1,2024-06-06,54968.76
Amberd1,2024-06-07,55559.28
Amberd1,2024-06-08,55828.08
Amberd1,2024-06-09,55248.48
Amberd1,2024-06-10,53462.64
Amberd1,2024-06-11,53624.76
Amberd1,2024-06-12,44736.72
Amberd1,2024-06-13,53446.68
Amberd1,2024-06-14,52403.4
Amberd1,2024-06-15,49294.56
Amberd1,2024-06-16,46646.04
Amberd1,2024-06-17,46787.16
Amberd1,2024-06-18,44195.76
Amberd1,2024-06-19,39322.08
Amberd1,2024-06-20,38676.12
Amberd1,2024-06-21,41443.08
Amberd1,2024-06-22,36622.32
Amberd1,2024-06-23,32037.6
Amberd1,2024-06-24,31295.88
Amberd1,2024-06-25,30444.12
Amberd1,2024-06-26,29489.04
Amberd1,2024-06-27,25614.96
Amberd1,2024-06-28,22732.92
Amberd1,2024-06-29,22120.56
Amberd1,2024-06-30,29093.4
Amberd1,2024-07-01,25138.68
Amberd1,2024-07-02,24276.0
Amberd1,2024-07-03,20675.760000000002
Amberd1,2024-07-04,19304.04
Amberd1,2024-07-05,18663.96
Amberd1,2024-07-06,18372.48
Amberd1,2024-07-07,20674.08
Amberd1,2024-07-08,20760.600000000002
Amberd1,2024-07-09,20103.72
Amberd1,2024-07-10,17778.600000000002
Amberd1,2024-07-11,15277.08
Amberd1,2024-07-12,14823.48
Amberd1,2024-07-13,14168.28
Amberd1,2024-07-14,13619.76
Amberd1,2024-07-15,12981.36
Amberd1,2024-07-16,14714.28
Amberd1,2024-07-17,14168.28
Amberd1,2024-07-18,13413.119999999999
Amberd1,2024-07-19,14717.640000000001
Amberd1,2024-07-20,13891.08
Amberd1,2024-07-21,12494.16
Amberd1,2024-07-22,11490.36
Amberd1,2024-07-23,11149.32
Amberd1,2024-07-24,11382.0
Amberd1,2024-07-25,11394.6
Amberd1,2024-07-26,10973.76
Amberd1,2024-07-27,10610.04
Amberd1,2024-07-28,11331.6
Amberd1,2024-07-29,10464.72
Amberd1,2024-07-30,10277.4
Amberd1,2024-07-31,9947.28
Amberd1,2024-08-01,9595.32
Amberd1,2024-08-02,9527.28
Amberd1,2024-08-03,7338.24
Amberd1,2024-08-04,8821.68
Amberd1,2024-08-05,8370.6
Amberd1,2024-08-06,8056.4400000000005
Amberd1,2024-08-07,8388.24
Amberd1,2024-08-08,8170.68
Amberd1,2024-08-09,7670.04
Amberd1,2024-08-10,7494.4800000000005
Amberd1,2024-08-11,9306.36
Amberd1,2024-08-12,10312.68
Amberd1,2024-08-13,8454.6
Amberd1,2024-08-14,8000.16
Amberd1,2024-08-15,7682.64
Amberd1,2024-08-16,7578.4800000000005
Amberd1,2024-08-17,7402.92
Amberd1,2024-08-18,7294.56
Amberd1,2024-08-19,7180.320000000001
Amberd1,2024-08-20,7071.120000000001
Amberd1,2024-08-21,6958.56
Amberd1,2024-08-22,6777.12
Amberd1,2024-08-23,6593.16
Amberd1,2024-08-24,6287.4
Amberd1,2024-08-25,6542.76
Amberd1,2024-08-26,6552.84
Amberd1,2024-08-27,6466.32
Amberd1,2024-08-28,4777.92
Amberd1,2024-08-29,6153.0
Amberd1,2024-08-30,6090.84
Amberd1,2024-08-31,6616.68
Amberd1,2024-09-01,6319.32
Amberd1,2024-09-02,6126.96
Amberd1,2024-09-03,6034.56
Amberd1,2024-09-04,5989.2
Amberd1,2024-09-05,5999.28
Amberd1,2024-09-06,7864.92
Amberd1,2024-09-07,7147.56
Amberd1,2024-09-08,6471.360000000001
Amberd1,2024-09-09,6285.72
Amberd1,2024-09-10,6952.68
Amberd1,2024-09-11,6394.08
Amberd1,2024-09-12,6246.240000000001
Amberd1,2024-09-13,6178.2
Amberd1,2024-09-14,6502.44
Amberd1,2024-09-15,6327.72
Amberd1,2024-09-16,6218.5199999999995
Amberd1,2024-09-17,6643.56
Amberd1,2024-09-18,7586.88
Amberd1,2024-09-19,7207.2
Amberd1,2024-09-20,8296.68
Amberd1,2024-09-21,7079.52
Amberd1,2024-09-22,6990.4800000000005
Amberd1,2024-09-23,9309.72
Amberd1,2024-09-24,8016.12
Amberd1,2024-09-25,7129.08
Amberd1,2024-09-26,7064.4
Amberd1,2024-09-27,6935.88
Amberd1,2024-09-28,6741.84
Amberd1,2024-09-29,6473.88
Amberd1,2024-09-30,5970.72
Amberd1,2024-10-01,6151.32
Amberd1,2024-10-02,6894.72
Amberd1,2024-10-03,6809.04
Amberd1,2024-10-04,6483.12
Amberd1,2024-10-05,5804.4
Amberd1,2024-10-06,5344.08
Amberd1,2024-10-07,5544.0
Amberd1,2024-10-08,6136.200000000001
Amberd1,2024-10-09,6244.56
Amberd1,2024-10-10,6142.92
Amberd1,2024-10-11,6638.52
Amberd1,2024-10-12,6911.52
Amberd1,2024-10-13,6854.400000000001
Amberd1,2024-10-14,8541.12
Amberd1,2024-10-15,7260.12
Amberd1,2024-10-16,6915.72
Amberd1,2024-10-17,10392.48
Amberd1,2024-10-18,9770.04
Amberd1,2024-10-19,8649.48
Amberd1,2024-10-20,7862.400000000001
Amberd1,2024-10-21,7460.04
Amberd1,2024-10-22,6167.280000000001
Amberd1,2024-10-23,6882.12
Amberd1,2024-10-24,6882.12
Amberd1,2024-10-25,6862.8
Amberd1,2024-10-26,6716.64
Amberd1,2024-10-27,6368.04
Amberd1,2024-10-28,6446.16
Amberd1,2024-10-29,6532.68
Amberd1,2024-10-30,6433.56
Amberd1,2024-10-31,6274.8
Amberd1,2024-11-01,6172.32
Amberd1,2024-11-02,6097.56
Amberd1,2024-11-03,6090.84
Amberd1,2024-11-04,6195.0
Amberd1,2024-11-05,5499.4800000000005
Amberd1,2024-11-06,5806.08
Amberd1,2024-11-07,5858.16
Amberd1,2024-11-08,5755.68
Amberd1,2024-11-09,5623.8
Amberd1,2024-11-10,5556.6
Amberd1,2024-11-11,5737.2
Amberd1,2024-11-12,5729.64
Amberd1,2024-11-13,5522.16
Amberd1,2024-11-14,5394.4800000000005
Amberd1,2024-11-15,5370.12
Amberd1,2024-11-16,5640.6
Amberd1,2024-11-17,5505.36
Amberd1,2024-11-18,5860.68
Amberd1,2024-11-19,5774.16
Amberd1,2024-11-20,5644.8
Amberd1,2024-11-21,5559.12
Amberd1,2024-11-22,5581.8
Amberd1,2024-11-23,5606.16
Amberd1,2024-11-24,5596.92
Amberd1,2024-11-25,5693.52
Amberd1,2024-11-26,5666.64
Amberd1,2024-11-27,5551.56
Amberd1,2024-11-28,4150.4400000000005
Amberd1,2024-11-29,4336.92
Amberd1,2024-11-30,5523.84
Amberd1,2024-12-01,5354.16
Amberd1,2024-12-02,5365.08
Amberd1,2024-12-03,5059.32
Amberd1,2024-12-04,4996.32
Amberd1,2024-12-05,5269.32
Amberd1,2024-12-06,5087.88
Amberd1,2024-12-07,4953.4800000000005
Amberd1,2024-12-08,5084.52
Amberd1,2024-12-09,5155.08
Amberd1,2024-12-10,5071.08
Amberd1,2024-12-11,5122.32
Amberd1,2024-12-12,5206.32
Amberd1,2024-12-13,4576.32
Amberd1,2024-12-14,1202.04
Amberd1,2024-12-15,5337.36
Amberd1,2024-12-16,7166.04
Amberd1,2024-12-17,6163.92
Amberd1,2024-12-18,5617.92
Amberd1,2024-12-19,5185.32
Amberd1,2024-12-20,5358.360000000001
Amberd1,2024-12-21,5159.28
Amberd1,2024-12-22,5117.28
Amberd1,2024-12-23,5197.92
Amberd1,2024-12-24,5263.4400000000005
Amberd1,2024-12-25,5194.56
Amberd1,2024-12-26,5135.76
Amberd1,2024-12-27,5139.12
Amberd1,2024-12-28,5344.08
Amberd1,2024-12-29,5196.24
Amberd1,2024-12-30,5097.12
Amberd1,2024-12-31,5019.0
Amberd1,2025-01-01,4987.92
Amberd1,2025-01-02,4934.16
Amberd1,2025-01-03,4940.04
Amberd1,2025-01-04,4948.4400000000005
Amberd1,2025-01-05,4902.24
Amberd1,2025-01-06,4913.16
Amberd1,2025-01-07,4792.2
Amberd1,2025-01-08,4720.8
Amberd1,2025-01-09,4786.32
Amberd1,2025-01-10,4774.56
Amberd1,2025-01-11,4737.6
Amberd1,2025-01-12,4616.64
Amberd1,2025-01-13,4544.4
Amberd1,2025-01-14,4672.08
Amberd1,2025-01-15,4705.68
Amberd1,2025-01-16,4764.4800000000005
Amberd1,2025-01-17,4593.12
Amberd1,2025-01-18,4392.360000000001
Amberd1,2025-01-19,4603.2
Amberd1,2025-01-20,4675.4400000000005
Amberd1,2025-01-21,4926.6
Amberd1,2025-01-22,4578.0
Amberd1,2025-01-23,4483.08
Amberd1,2025-01-24,4512.48
Amberd1,2025-01-25,4362.96
Amberd1,2025-01-26,4404.12
Amberd1,2025-01-27,4273.92
Amberd1,2025-01-28,4247.04
Amberd1,2025-01-29,4325.16
Amberd1,2025-01-30,4297.44
Amberd1,2025-01-31,4272.24
Amberd1,2025-02-01,180.6
Amberd2,2022-01-01,10992.1
Amberd2,2022-01-02,11872.0
Amberd2,2022-01-03,10577.0
Amberd2,2022-01-04,12983.6
Amberd2,2022-01-05,11909.800000000001
Amberd2,2022-01-06,11746.7
Amberd2,2022-01-07,11493.300000000001
Amberd2,2022-01-08,11465.3
Amberd2,2022-01-09,11540.9
Amberd2,2022-01-10,11735.5
Amberd2,2022-01-11,11951.800000000001
Amberd2,2022-01-12,11841.9
Amberd2,2022-01-13,12162.5
Amberd2,2022-01-14,7929.6
Amberd2,2022-01-15,13493.2
Amberd2,2022-01-16,11435.2
Amberd2,2022-01-17,13088.6
Amberd2,2022-01-18,11858.0
Amberd2,2022-01-19,11454.800000000001
Amberd2,2022-01-20,10838.1
Amberd2,2022-01-21,11557.0
Amberd2,2022-01-22,11886.7
Amberd2,2022-01-23,11251.800000000001
Amberd2,2022-01-24,11292.4
Amberd2,2022-01-25,11433.800000000001
Amberd2,2022-01-26,11362.4
Amberd2,2022-01-27,11400.9
Amberd2,2022-01-28,11223.1
Amberd2,2022-01-29,11138.4
Amberd2,2022-01-30,10943.8
Amberd2,2022-01-31,11230.1
Amberd2,2022-02-01,11228.7
Amberd2,2022-02-02,11178.3
Amberd2,2022-02-03,11074.0
Amberd2,2022-02-04,11111.1
Amberd2,2022-02-05,7458.5
Amberd2,2022-02-06,10994.2
Amberd2,2022-02-07,13356.7
Amberd2,2022-02-08,11240.6
Amberd2,2022-02-09,11168.5
Amberd2,2022-02-10,11124.4
Amberd2,2022-02-11,11255.300000000001
Amberd2,2022-02-12,10956.4
Amberd2,2022-02-13,10917.2
Amberd2,2022-02-14,10650.5
Amberd2,2022-02-15,10578.4
Amberd2,2022-02-16,10519.6
Amberd2,2022-02-17,10436.3
Amberd2,2022-02-18,10493.0
Amberd2,2022-02-19,10697.4
Amberd2,2022-02-20,10406.9
Amberd2,2022-02-21,10475.5
Amberd2,2022-02-22,10608.5
Amberd2,2022-02-23,10884.300000000001
Amberd2,2022-02-24,10756.9
Amberd2,2022-02-25,10844.4
Amberd2,2022-02-26,10819.9
Amberd2,2022-02-27,10938.9
Amberd2,2022-02-28,10873.1
Amberd2,2022-03-01,10816.4
Amberd2,2022-03-02,11107.6
Amberd2,2022-03-03,11582.2
Amberd2,2022-03-04,7046.200000000001
Amberd2,2022-03-05,4525.5
Amberd2,2022-03-06,14865.9
Amberd2,2022-03-07,14443.1
Amberd2,2022-03-08,12406.8
Amberd2,2022-03-09,11824.4
Amberd2,2022-03-10,11169.9
Amberd2,2022-03-11,12609.800000000001
Amberd2,2022-03-12,12042.1
Amberd2,2022-03-13,11778.9
Amberd2,2022-03-14,11613.0
Amberd2,2022-03-15,11675.3
Amberd2,2022-03-16,11349.1
Amberd2,2022-03-17,12100.2
Amberd2,2022-03-18,11395.300000000001
Amberd2,2022-03-19,11552.1
Amberd2,2022-03-20,11582.2
Amberd2,2022-03-21,11400.9
Amberd2,2022-03-22,11611.6
Amberd2,2022-03-23,12012.0
Amberd2,2022-03-24,11863.6
Amberd2,2022-03-25,11685.1
Amberd2,2022-03-26,11745.3
Amberd2,2022-03-27,11690.7
Amberd2,2022-03-28,7321.3
Amberd2,2022-03-29,13550.6
Amberd2,2022-03-30,14067.2
Amberd2,2022-03-31,14046.2
Amberd2,2022-04-01,14120.4
Amberd2,2022-04-02,15489.6
Amberd2,2022-04-03,18773.3
Amberd2,2022-04-04,19811.4
Amberd2,2022-04-05,19047.7
Amberd2,2022-04-06,17019.100000000002
Amberd2,2022-04-07,16234.400000000001
Amberd2,2022-04-08,15839.6
Amberd2,2022-04-09,17406.9
Amberd2,2022-04-10,20482.7
Amberd2,2022-04-11,24950.100000000002
Amberd2,2022-04-12,26390.0
Amberd2,2022-04-13,24434.9
Amberd2,2022-04-14,20286.7
Amberd2,2022-04-15,20574.4
Amberd2,2022-04-16,27417.600000000002
Amberd2,2022-04-17,36938.3
Amberd2,2022-04-18,41505.1
Amberd2,2022-04-19,45175.9
Amberd2,2022-04-20,47717.6
Amberd2,2022-04-21,50185.8
Amberd2,2022-04-22,60079.6
Amberd2,2022-04-23,62915.3
Amberd2,2022-04-24,77674.8
Amberd2,2022-04-25,94368.40000000001
Amberd2,2022-04-26,113555.4
Amberd2,2022-04-27,135328.9
Amberd2,2022-04-28,105802.2
Amberd2,2022-04-29,132158.6
Amberd2,2022-04-30,125473.6
Amberd2,2022-05-01,121004.1
Amberd2,2022-05-02,113853.6
Amberd2,2022-05-03,94320.1
Amberd2,2022-05-04,93732.8
Amberd2,2022-05-05,111150.90000000001
Amberd2,2022-05-06,94217.2
Amberd2,2022-05-07,73868.9
Amberd2,2022-05-08,63196.7
Amberd2,2022-05-09,59614.8
Amberd2,2022-05-10,59169.6
Amberd2,2022-05-11,59797.5
Amberd2,2022-05-12,54604.200000000004
Amberd2,2022-05-13,47495.0
Amberd2,2022-05-14,48682.9
Amberd2,2022-05-15,64120.0
Amberd2,2022-05-16,104750.1
Amberd2,2022-05-17,99304.8
Amberd2,2022-05-18,112560.0
Amberd2,2022-05-19,118692.7
Amberd2,2022-05-20,108076.5
Amberd2,2022-05-21,102691.4
Amberd2,2022-05-22,109011.0
Amberd2,2022-05-23,119420.7
Amberd2,2022-05-24,99320.90000000001
Amberd2,2022-05-25,77211.4
Amberd2,2022-05-26,61821.9
Amberd2,2022-05-27,67207.0
Amberd2,2022-05-28,100251.90000000001
Amberd2,2022-05-29,126666.40000000001
Amberd2,2022-05-30,134577.1
Amberd2,2022-05-31,134997.1
Amberd2,2022-06-01,128074.8
Amberd2,2022-06-02,135422.0
Amberd2,2022-06-03,134740.9
Amberd2,2022-06-04,135557.80000000002
Amberd2,2022-06-05,114947.70000000001
Amberd2,2022-06-06,136230.5
Amberd2,2022-06-07,113836.8
Amberd2,2022-06-08,116629.8
Amberd2,2022-06-09,118796.3
Amberd2,2022-06-10,104056.40000000001
Amberd2,2022-06-11,103880.0
Amberd2,2022-06-12,86975.0
Amberd2,2022-06-13,106798.3
Amberd2,2022-06-14,75005.7
Amberd2,2022-06-15,63015.4
Amberd2,2022-06-16,59595.9
Amberd2,2022-06-17,62355.3
Amberd2,2022-06-18,63179.200000000004
Amberd2,2022-06-19,63195.3
Amberd2,2022-06-20,66936.8
Amberd2,2022-06-21,58789.5
Amberd2,2022-06-22,44821.700000000004
Amberd2,2022-06-23,35263.9
Amberd2,2022-06-24,30828.7
Amberd2,2022-06-25,34351.1
Amberd2,2022-06-26,45256.4
Amberd2,2022-06-27,34738.200000000004
Amberd2,2022-06-28,25806.2
Amberd2,2022-06-29,23576.7
Amberd2,2022-06-30,23636.2
Amberd2,2022-07-01,22805.3
Amberd2,2022-07-02,25853.100000000002
Amberd2,2022-07-03,20232.8
Amberd2,2022-07-04,17598.7
Amberd2,2022-07-05,16951.2
Amberd2,2022-07-06,15582.0
Amberd2,2022-07-07,15627.5
Amberd2,2022-07-08,15640.800000000001
Amberd2,2022-07-09,16305.1
Amberd2,2022-07-10,15464.400000000001
Amberd2,2022-07-11,14732.2
Amberd2,2022-07-12,13934.2
Amberd2,2022-07-13,13276.9
Amberd2,2022-07-14,12825.4
Amberd2,2022-07-15,12778.5
Amberd2,2022-07-16,12263.3
Amberd2,2022-07-17,12843.6
Amberd2,2022-07-18,13023.5
Amberd2,2022-07-19,11388.300000000001
Amberd2,2022-07-20,12527.2
Amberd2,2022-07-21,12483.1
Amberd2,2022-07-22,12350.800000000001
Amberd2,2022-07-23,11900.7
Amberd2,2022-07-24,11820.9
Amberd2,2022-07-25,9987.6
Amberd2,2022-07-26,9697.800000000001
Amberd2,2022-07-27,9445.1
Amberd2,2022-07-28,9896.6
Amberd2,2022-07-29,10201.1
Amberd2,2022-07-30,10128.300000000001
Amberd2,2022-07-31,9933.0
Amberd2,2022-08-01,10196.9
Amberd2,2022-08-02,10399.2
Amberd2,2022-08-03,11513.6
Amberd2,2022-08-04,12278.0
Amberd2,2022-08-05,12068.0
Amberd2,2022-08-06,11953.9
Amberd2,2022-08-07,11804.8
Amberd2,2022-08-08,14865.2
Amberd2,2022-08-09,12714.800000000001
Amberd2,2022-08-10,10997.7
Amberd2,2022-08-11,10710.7
Amberd2,2022-08-12,10679.2
Amberd2,2022-08-13,10536.4
Amberd2,2022-08-14,10227.7
Amberd2,2022-08-15,10142.3
Amberd2,2022-08-16,9849.7
Amberd2,2022-08-17,9594.2
Amberd2,2022-08-18,9426.9
Amberd2,2022-08-19,9343.6
Amberd2,2022-08-20,9172.1
Amberd2,2022-08-21,9053.1
Amberd2,2022-08-22,9417.800000000001
Amberd2,2022-08-23,7837.2
Amberd2,2022-08-24,10425.1
Amberd2,2022-08-25,10895.5
Amberd2,2022-08-26,11228.7
Amberd2,2022-08-27,11283.3
Amberd2,2022-08-28,11207.0
Amberd2,2022-08-29,11239.2
Amberd2,2022-08-30,10944.5
Amberd2,2022-08-31,10308.2
Amberd2,2022-09-01,9025.800000000001
Amberd2,2022-09-02,9039.1
Amberd2,2022-09-03,8135.400000000001
Amberd2,2022-09-04,8519.7
Amberd2,2022-09-05,8863.4
Amberd2,2022-09-06,10206.7
Amberd2,2022-09-07,12333.3
Amberd2,2022-09-08,9207.1
Amberd2,2022-09-09,8736.0
Amberd2,2022-09-10,9403.1
Amberd2,2022-09-11,10059.0
Amberd2,2022-09-12,10000.9
Amberd2,2022-09-13,9670.5
Amberd2,2022-09-14,9678.9
Amberd2,2022-09-15,9783.2
Amberd2,2022-09-16,9494.1
Amberd2,2022-09-17,9284.8
Amberd2,2022-09-18,10014.9
Amberd2,2022-09-19,9944.9
Amberd2,2022-09-20,9793.7
Amberd2,2022-09-21,8756.300000000001
Amberd2,2022-09-22,12842.9
Amberd2,2022-09-23,12819.1
Amberd2,2022-09-24,10378.2
Amberd2,2022-09-25,8899.800000000001
Amberd2,2022-09-26,9003.4
Amberd2,2022-09-27,9379.300000000001
Amberd2,2022-09-28,9701.300000000001
Amberd2,2022-09-29,9783.2
Amberd2,2022-09-30,9830.1
Amberd2,2022-10-01,9797.9
Amberd2,2022-10-02,9879.8
Amberd2,2022-10-03,9796.5
Amberd2,2022-10-04,9494.1
Amberd2,2022-10-05,9419.9
Amberd2,2022-10-06,7026.6
Amberd2,2022-10-07,10840.2
Amberd2,2022-10-08,10677.800000000001
Amberd2,2022-10-09,12891.2
Amberd2,2022-10-10,3572.8
Amberd2,2022-10-11,1955.8000000000002
Amberd2,2022-10-12,2044.7
Amberd2,2022-10-13,2077.6
Amberd2,2022-10-14,2452.1
Amberd2,2022-10-15,2751.7000000000003
Amberd2,2022-10-16,2667.0
Amberd2,2022-10-17,2416.4
Amberd2,2022-10-18,2281.3
Amberd2,2022-10-19,2257.5
Amberd2,2022-10-20,2264.5
Amberd2,2022-10-21,2431.8
Amberd2,2022-10-22,2308.6
Amberd2,2022-10-23,2298.8
Amberd2,2022-10-24,2261.0
Amberd2,2022-10-25,2064.3
Amberd2,2022-10-26,2040.5
Amberd2,2022-10-27,2031.4
Amberd2,2022-10-28,2069.2
Amberd2,2022-10-29,1937.6000000000001
Amberd2,2022-10-30,1913.1000000000001
Amberd2,2022-10-31,1953.7
Amberd2,2022-11-01,1731.1000000000001
Amberd2,2022-11-02,5714.1
Amberd2,2022-11-03,10818.5
Amberd2,2022-11-04,11067.7
Amberd2,2022-11-05,10854.9
Amberd2,2022-11-06,11154.5
Amberd2,2022-11-07,10255.7
Amberd2,2022-11-08,9868.6
Amberd2,2022-11-09,9868.6
Amberd2,2022-11-10,9850.4
Amberd2,2022-11-11,10082.1
Amberd2,2022-11-12,9634.1
Amberd2,2022-11-13,9499.0
Amberd2,2022-11-14,9496.9
Amberd2,2022-11-15,9202.9
Amberd2,2022-11-16,9705.5
Amberd2,2022-11-17,10364.2
Amberd2,2022-11-18,9968.0
Amberd2,2022-11-19,10207.4
Amberd2,2022-11-20,10177.300000000001
Amberd2,2022-11-21,10034.5
Amberd2,2022-11-22,9590.7
Amberd2,2022-11-23,10698.800000000001
Amberd2,2022-11-24,10106.6
Amberd2,2022-11-25,10741.5
Amberd2,2022-11-26,11858.7
Amberd2,2022-11-27,10588.9
Amberd2,2022-11-28,10266.2
Amberd2,2022-11-29,10404.8
Amberd2,2022-11-30,10736.6
Amberd2,2022-12-01,10812.2
Amberd2,2022-12-02,10524.5
Amberd2,2022-12-03,10413.2
Amberd2,2022-12-04,10234.7
Amberd2,2022-12-05,10327.800000000001
Amberd2,2022-12-06,10296.300000000001
Amberd2,2022-12-07,9910.6
Amberd2,2022-12-08,10077.9
Amberd2,2022-12-09,9229.5
Amberd2,2022-12-10,8987.3
Amberd2,2022-12-11,8747.9
Amberd2,2022-12-12,10341.1
Amberd2,2022-12-13,10436.300000000001
Amberd2,2022-12-14,10164.7
Amberd2,2022-12-15,10005.800000000001
Amberd2,2022-12-16,9971.5
Amberd2,2022-12-17,10100.300000000001
Amberd2,2022-12-18,9457.7
Amberd2,2022-12-19,9624.3
Amberd2,2022-12-20,9862.300000000001
Amberd2,2022-12-21,9958.2
Amberd2,2022-12-22,8378.3
Amberd2,2022-12-23,7678.3
Amberd2,2022-12-24,9590.7
Amberd2,2022-12-25,8862.7
Amberd2,2022-12-26,7357.0
Amberd2,2022-12-27,7805.7
Amberd2,2022-12-28,8666.7
Amberd2,2022-12-29,9290.4
Amberd2,2022-12-30,8552.6
Amberd2,2022-12-31,9086.7
Amberd2,2023-01-01,8759.1
Amberd2,2023-01-02,9035.6
Amberd2,2023-01-03,9522.1
Amberd2,2023-01-04,9234.4
Amberd2,2023-01-05,8848.0
Amberd2,2023-01-06,8505.0
Amberd2,2023-01-07,8992.2
Amberd2,2023-01-08,8873.2
Amberd2,2023-01-09,8949.5
Amberd2,2023-01-10,8507.800000000001
Amberd2,2023-01-11,8424.5
Amberd2,2023-01-12,8339.1
Amberd2,2023-01-13,8305.5
Amberd2,2023-01-14,8328.6
Amberd2,2023-01-15,8701.0
Amberd2,2023-01-16,8803.9
Amberd2,2023-01-17,8864.800000000001
Amberd2,2023-01-18,8638.0
Amberd2,2023-01-19,8658.300000000001
Amberd2,2023-01-20,8927.1
Amberd2,2023-01-21,8796.9
Amberd2,2023-01-22,8701.7
Amberd2,2023-01-23,8363.6
Amberd2,2023-01-24,8211.7
Amberd2,2023-01-25,8121.400000000001
Amberd2,2023-01-26,8037.400000000001
Amberd2,2023-01-27,7878.5
Amberd2,2023-01-28,8315.3
Amberd2,2023-01-29,8604.4
Amberd2,2023-01-30,8290.800000000001
Amberd2,2023-01-31,8528.1
Amberd2,2023-02-01,8871.1
Amberd2,2023-02-02,8859.2
Amberd2,2023-02-03,8164.1
Amberd2,2023-02-04,8301.3
Amberd2,2023-02-05,9230.2
Amberd2,2023-02-06,6630.4
Amberd2,2023-02-07,5142.900000000001
Amberd2,2023-02-08,12866.0
Amberd2,2023-02-09,11095.0
Amberd2,2023-02-10,9464.7
Amberd2,2023-02-11,8757.0
Amberd2,2023-02-12,8638.0
Amberd2,2023-02-13,7800.8
Amberd2,2023-02-14,7994.7
Amberd2,2023-02-15,9517.9
Amberd2,2023-02-16,8784.300000000001
Amberd2,2023-02-17,7648.2
Amberd2,2023-02-18,9877.0
Amberd2,2023-02-19,8886.5
Amberd2,2023-02-20,9153.2
Amberd2,2023-02-21,8343.300000000001
Amberd2,2023-02-22,8176.0
Amberd2,2023-02-23,10555.300000000001
Amberd2,2023-02-24,9189.6
Amberd2,2023-02-25,8788.5
Amberd2,2023-02-26,8904.7
Amberd2,2023-02-27,8586.900000000001
Amberd2,2023-02-28,8796.9
Amberd2,2023-03-01,9096.5
Amberd2,2023-03-02,8878.1
Amberd2,2023-03-03,9610.3
Amberd2,2023-03-04,9506.0
Amberd2,2023-03-05,9677.5
Amberd2,2023-03-06,7315.0
Amberd2,2023-03-07,11202.8
Amberd2,2023-03-08,10350.9
Amberd2,2023-03-09,10136.0
Amberd2,2023-03-10,9959.6
Amberd2,2023-03-11,10077.9
Amberd2,2023-03-12,10217.2
Amberd2,2023-03-13,10350.9
Amberd2,2023-03-14,11566.800000000001
Amberd2,2023-03-15,13838.300000000001
Amberd2,2023-03-16,14314.300000000001
Amberd2,2023-03-17,12286.4
Amberd2,2023-03-18,12222.7
Amberd2,2023-03-19,12012.7
Amberd2,2023-03-20,10724.0
Amberd2,2023-03-21,10102.4
Amberd2,2023-03-22,10558.800000000001
Amberd2,2023-03-23,10736.6
Amberd2,2023-03-24,6778.1
Amberd2,2023-03-25,11949.7
Amberd2,2023-03-26,13631.8
Amberd2,2023-03-27,15008.0
Amberd2,2023-03-28,12547.5
Amberd2,2023-03-29,12572.0
Amberd2,2023-03-30,11822.300000000001
Amberd2,2023-03-31,10672.9
Amberd2,2023-04-01,10399.2
Amberd2,2023-04-02,9566.9
Amberd2,2023-04-03,11687.9
Amberd2,2023-04-04,12700.1
Amberd2,2023-04-05,15211.0
Amberd2,2023-04-06,16594.2
Amberd2,2023-04-07,15398.6
Amberd2,2023-04-08,14105.7
Amberd2,2023-04-09,12189.800000000001
Amberd2,2023-04-10,13026.3
Amberd2,2023-04-11,12583.2
Amberd2,2023-04-12,31333.4
Amberd2,2023-04-13,28949.2
Amberd2,2023-04-14,21662.2
Amberd2,2023-04-15,19199.6
Amberd2,2023-04-16,18307.100000000002
Amberd2,2023-04-17,20738.9
Amberd2,2023-04-18,26739.3
Amberd2,2023-04-19,37956.8
Amberd2,2023-04-20,47143.6
Amberd2,2023-04-21,46154.5
Amberd2,2023-04-22,40712.0
Amberd2,2023-04-23,39132.1
Amberd2,2023-04-24,43157.8
Amberd2,2023-04-25,42670.6
Amberd2,2023-04-26,45031.0
Amberd2,2023-04-27,44510.2
Amberd2,2023-04-28,43793.4
Amberd2,2023-04-29,43782.9
Amberd2,2023-04-30,51066.4
Amberd2,2023-05-01,49161.0
Amberd2,2023-05-02,45528.0
Amberd2,2023-05-03,40100.200000000004
Amberd2,2023-05-04,32893.7
Amberd2,2023-05-05,29992.9
Amberd2,2023-05-06,33532.1
Amberd2,2023-05-07,38857.0
Amberd2,2023-05-08,44636.9
Amberd2,2023-05-09,46415.6
Amberd2,2023-05-10,51479.4
Amberd2,2023-05-11,65046.8
Amberd2,2023-05-12,76081.6
Amberd2,2023-05-13,83422.5
Amberd2,2023-05-14,76295.1
Amberd2,2023-05-15,60746.0
Amberd2,2023-05-16,47638.5
Amberd2,2023-05-17,44261.700000000004
Amberd2,2023-05-18,61137.3
Amberd2,2023-05-19,84965.3
Amberd2,2023-05-20,88247.6
Amberd2,2023-05-21,97470.8
Amberd2,2023-05-22,73253.6
Amberd2,2023-05-23,90983.2
Amberd2,2023-05-24,103109.3
Amberd2,2023-05-25,108889.90000000001
Amberd2,2023-05-26,119297.5
Amberd2,2023-05-27,124894.0
Amberd2,2023-05-28,129545.5
Amberd2,2023-05-29,128389.8
Amberd2,2023-05-30,129425.8
Amberd2,2023-05-31,129417.40000000001
Amberd2,2023-06-01,130568.2
Amberd2,2023-06-02,131737.9
Amberd2,2023-06-03,131876.5
Amberd2,2023-06-04,131963.3
Amberd2,2023-06-05,131803.7
Amberd2,2023-06-06,132070.4
Amberd2,2023-06-07,131362.7
Amberd2,2023-06-08,126835.8
Amberd2,2023-06-09,130222.40000000001
Amberd2,2023-06-10,126933.1
Amberd2,2023-06-11,121114.70000000001
Amberd2,2023-06-12,112179.9
Amberd2,2023-06-13,115813.6
Amberd2,2023-06-14,108199.0
Amberd2,2023-06-15,79134.3
Amberd2,2023-06-16,74273.5
Amberd2,2023-06-17,88125.1
Amberd2,2023-06-18,91101.5
Amberd2,2023-06-19,74826.5
Amberd2,2023-06-20,73028.90000000001
Amberd2,2023-06-21,59064.600000000006
Amberd2,2023-06-22,64387.4
Amberd2,2023-06-23,70520.1
Amberd2,2023-06-24,64283.100000000006
Amberd2,2023-06-25,53830.0
Amberd2,2023-06-26,56583.8
Amberd2,2023-06-27,67032.7
Amberd2,2023-06-28,60701.9
Amberd2,2023-06-29,64463.700000000004
Amberd2,2023-06-30,64220.1
Amberd2,2023-07-01,57855.0
Amberd2,2023-07-02,43833.3
Amberd2,2023-07-03,40777.1
Amberd2,2023-07-04,41659.8
Amberd2,2023-07-05,52205.3
Amberd2,2023-07-06,41247.5
Amberd2,2023-07-07,42424.200000000004
Amberd2,2023-07-08,44153.200000000004
Amberd2,2023-07-09,39111.8
Amberd2,2023-07-10,32998.0
Amberd2,2023-07-11,32371.5
Amberd2,2023-07-12,24471.300000000003
Amberd2,2023-07-13,21737.100000000002
Amberd2,2023-07-14,20105.4
Amberd2,2023-07-15,18834.9
Amberd2,2023-07-16,18127.9
Amberd2,2023-07-17,16881.9
Amberd2,2023-07-18,16056.6
Amberd2,2023-07-19,14418.6
Amberd2,2023-07-20,14072.1
Amberd2,2023-07-21,13527.5
Amberd2,2023-07-22,13284.6
Amberd2,2023-07-23,12452.300000000001
Amberd2,2023-07-24,10882.9
Amberd2,2023-07-25,14791.0
Amberd2,2023-07-26,14287.7
Amberd2,2023-07-27,4201.4
Amberd2,2023-07-28,11577.300000000001
Amberd2,2023-07-29,11049.5
Amberd2,2023-07-30,10643.5
Amberd2,2023-07-31,10649.800000000001
Amberd2,2023-08-01,10087.0
Amberd2,2023-08-02,9607.5
Amberd2,2023-08-03,9370.9
Amberd2,2023-08-04,10322.2
Amberd2,2023-08-05,14798.7
Amberd2,2023-08-06,10658.2
Amberd2,2023-08-07,9691.5
Amberd2,2023-08-08,9079.7
Amberd2,2023-08-09,8906.1
Amberd2,2023-08-10,8443.4
Amberd2,2023-08-11,8220.1
Amberd2,2023-08-12,7983.5
Amberd2,2023-08-13,7438.2
Amberd2,2023-08-14,7176.4
Amberd2,2023-08-15,8741.6
Amberd2,2023-08-16,8852.2
Amberd2,2023-08-17,8627.5
Amberd2,2023-08-18,8561.7
Amberd2,2023-08-19,8561.7
Amberd2,2023-08-20,8458.1
Amberd2,2023-08-21,6909.7
Amberd2,2023-08-22,2161.6
Amberd2,2023-08-23,6930.0
Amberd2,2023-08-24,8262.800000000001
Amberd2,2023-08-25,8382.5
Amberd2,2023-08-26,8531.6
Amberd2,2023-08-27,8404.2
Amberd2,2023-08-28,8264.9
Amberd2,2023-08-29,15286.6
Amberd2,2023-08-30,12033.0
Amberd2,2023-08-31,10272.5
Amberd2,2023-09-01,9640.4
Amberd2,2023-09-02,9347.1
Amberd2,2023-09-03,9163.7
Amberd2,2023-09-04,9041.9
Amberd2,2023-09-05,8827.0
Amberd2,2023-09-06,8732.5
Amberd2,2023-09-07,8778.7
Amberd2,2023-09-08,8895.6
Amberd2,2023-09-09,9853.2
Amberd2,2023-09-10,11655.7
Amberd2,2023-09-11,10713.5
Amberd2,2023-09-12,13059.2
Amberd2,2023-09-13,12066.6
Amberd2,2023-09-14,11347.7
Amberd2,2023-09-15,10485.3
Amberd2,2023-09-16,10141.6
Amberd2,2023-09-17,9896.6
Amberd2,2023-09-18,9846.2
Amberd2,2023-09-19,8840.300000000001
Amberd2,2023-09-20,9342.9
Amberd2,2023-09-21,9820.300000000001
Amberd2,2023-09-22,9274.300000000001
Amberd2,2023-09-23,9087.4
Amberd2,2023-09-24,9009.0
Amberd2,2023-09-25,10691.800000000001
Amberd2,2023-09-26,12996.2
Amberd2,2023-09-27,10969.7
Amberd2,2023-09-28,9936.5
Amberd2,2023-09-29,9920.4
Amberd2,2023-09-30,11263.0
Amberd2,2023-10-01,10775.1
Amberd2,2023-10-02,20187.3
Amberd2,2023-10-03,15720.6
Amberd2,2023-10-04,15862.7
Amberd2,2023-10-05,14279.3
Amberd2,2023-10-06,13230.7
Amberd2,2023-10-07,12729.5
Amberd2,2023-10-08,12222.0
Amberd2,2023-10-09,11959.5
Amberd2,2023-10-10,11880.4
Amberd2,2023-10-11,12010.6
Amberd2,2023-10-12,9447.9
Amberd2,2023-10-13,11790.8
Amberd2,2023-10-14,11943.4
Amberd2,2023-10-15,11813.2
Amberd2,2023-10-16,13180.300000000001
Amberd2,2023-10-17,12265.4
Amberd2,2023-10-18,13178.2
Amberd2,2023-10-19,19099.5
Amberd2,2023-10-20,14883.4
Amberd2,2023-10-21,13636.0
Amberd2,2023-10-22,11939.9
Amberd2,2023-10-23,12695.9
Amberd2,2023-10-24,13248.9
Amberd2,2023-10-25,13096.3
Amberd2,2023-10-26,12996.2
Amberd2,2023-10-27,12606.3
Amberd2,2023-10-28,12057.5
Amberd2,2023-10-29,11968.6
Amberd2,2023-10-30,11711.0
Amberd2,2023-10-31,11533.2
Amberd2,2023-11-01,11423.300000000001
Amberd2,2023-11-02,11434.5
Amberd2,2023-11-03,11823.0
Amberd2,2023-11-04,10467.800000000001
Amberd2,2023-11-05,9867.2
Amberd2,2023-11-06,9727.9
Amberd2,2023-11-07,10000.2
Amberd2,2023-11-08,9322.6
Amberd2,2023-11-09,9507.4
Amberd2,2023-11-10,10082.1
Amberd2,2023-11-11,9967.300000000001
Amberd2,2023-11-12,9762.2
Amberd2,2023-11-13,9662.8
Amberd2,2023-11-14,10662.4
Amberd2,2023-11-15,10474.800000000001
Amberd2,2023-11-16,10580.5
Amberd2,2023-11-17,12188.4
Amberd2,2023-11-18,11148.2
Amberd2,2023-11-19,11468.800000000001
Amberd2,2023-11-20,15322.300000000001
Amberd2,2023-11-21,12520.9
Amberd2,2023-11-22,12686.8
Amberd2,2023-11-23,12835.9
Amberd2,2023-11-24,12613.3
Amberd2,2023-11-25,12106.5
Amberd2,2023-11-26,9969.4
Amberd2,2023-11-27,12035.800000000001
Amberd2,2023-11-28,11496.1
Amberd2,2023-11-29,11528.3
Amberd2,2023-11-30,11588.5
Amberd2,2023-12-01,11470.9
Amberd2,2023-12-02,11337.2
Amberd2,2023-12-03,11423.300000000001
Amberd2,2023-12-04,6806.8
Amberd2,2023-12-05,0.0
Amberd2,2023-12-06,849.8
Amberd2,2023-12-07,11127.9
Amberd2,2023-12-08,11567.5
Amberd2,2023-12-09,12267.5
Amberd2,2023-12-10,12546.1
Amberd2,2023-12-11,11937.1
Amberd2,2023-12-12,12331.2
Amberd2,2023-12-13,12200.3
Amberd2,2023-12-14,11543.7
Amberd2,2023-12-15,11570.300000000001
Amberd2,2023-12-16,11741.1
Amberd2,2023-12-17,10896.2
Amberd2,2023-12-18,10903.2
Amberd2,2023-12-19,12200.3
Amberd2,2023-12-20,11233.6
Amberd2,2023-12-21,11400.9
Amberd2,2023-12-22,11293.1
Amberd2,2023-12-23,11596.2
Amberd2,2023-12-24,7618.1
Amberd2,2023-12-25,3993.5
Amberd2,2023-12-26,14672.7
Amberd2,2023-12-27,15409.1
Amberd2,2023-12-28,12978.0
Amberd2,2023-12-29,12906.6
Amberd2,2023-12-30,11584.3
Amberd2,2023-12-31,11378.5
Amberd2,2024-01-01,11295.2
Amberd2,2024-01-02,9244.9
Amberd2,2024-01-03,11193.7
Amberd2,2024-01-04,10785.6
Amberd2,2024-01-05,10420.9
Amberd2,2024-01-06,11338.6
Amberd2,2024-01-07,11666.2
Amberd2,2024-01-08,11558.4
Amberd2,2024-01-09,11683.0
Amberd2,2024-01-10,11351.9
Amberd2,2024-01-11,11284.7
Amberd2,2024-01-12,11195.1
Amberd2,2024-01-13,11137.7
Amberd2,2024-01-14,11949.7
Amberd2,2024-01-15,11491.2
Amberd2,2024-01-16,11291.0
Amberd2,2024-01-17,11286.8
Amberd2,2024-01-18,10992.800000000001
Amberd2,2024-01-19,10886.4
Amberd2,2024-01-20,11050.9
Amberd2,2024-01-21,11125.800000000001
Amberd2,2024-01-22,11306.4
Amberd2,2024-01-23,9670.5
Amberd2,2024-01-24,0.0
Amberd2,2024-01-25,0.0
Amberd2,2024-01-26,173539.4531
Amberd2,2024-01-27,181185.8905
Amberd2,2024-01-28,181218.23930000002
Amberd2,2024-01-29,181259.7025
Amberd2,2024-01-30,181296.0704
Amberd2,2024-01-31,181332.0922
Amberd2,2024-02-01,181368.4988
Amberd2,2024-02-02,181402.6089
Amberd2,2024-02-03,181434.963
Amberd2,2024-02-04,181471.91160000002
Amberd2,2024-02-05,181508.10570000001
Amberd2,2024-02-06,181536.1936
Amberd2,2024-02-07,181543.9131
Amberd2,2024-02-08,181584.4511
Amberd2,2024-02-09,181637.34170000002
Amberd2,2024-02-10,181683.7042
Amberd2,2024-02-11,181724.0523
Amberd2,2024-02-12,181763.4929
Amberd2,2024-02-13,181802.4601
Amberd2,2024-02-14,181841.2266
Amberd2,2024-02-15,181880.334
Amberd2,2024-02-16,181919.3548
Amberd2,2024-02-17,181957.8096
Amberd2,2024-02-18,181996.2417
Amberd2,2024-02-19,182034.26940000002
Amberd2,2024-02-20,182071.70330000002
Amberd2,2024-02-21,182108.9378
Amberd2,2024-02-22,182146.32690000001
Amberd2,2024-02-23,182183.7437
Amberd2,2024-02-24,182220.8034
Amberd2,2024-02-25,182257.2318
Amberd2,2024-02-26,182293.3464
Amberd2,2024-02-27,182328.5448
Amberd2,2024-02-28,182363.8529
Amberd2,2024-02-29,182399.60139999999
Amberd2,2024-03-01,182435.4551
Amberd2,2024-03-02,182471.5803
Amberd2,2024-03-03,182507.837
Amberd2,2024-03-04,182544.5828
Amberd2,2024-03-05,182581.7867
Amberd2,2024-03-06,182618.7199
Amberd2,2024-03-07,182655.41820000001
Amberd2,2024-03-08,182692.6318
Amberd2,2024-03-09,182729.5828
Amberd2,2024-03-10,182766.4239
Amberd2,2024-03-11,182802.69280000002
Amberd2,2024-03-12,182838.5091
Amberd2,2024-03-13,182874.2825
Amberd2,2024-03-14,182910.3682
Amberd2,2024-03-15,182946.8169
Amberd2,2024-03-16,182984.4488
Amberd2,2024-03-17,183021.3733
Amberd2,2024-03-18,183058.0791
Amberd2,2024-03-19,183095.3465
Amberd2,2024-03-20,183132.6511
Amberd2,2024-03-21,183169.1253
Amberd2,2024-03-22,183205.752
Amberd2,2024-03-23,183242.7923
Amberd2,2024-03-24,183281.3649
Amberd2,2024-03-25,183317.706
Amberd2,2024-03-26,183354.4873
Amberd2,2024-03-27,183383.7109
Amberd2,2024-03-28,183419.64440000002
Amberd2,2024-03-29,183461.6425
Amberd2,2024-03-30,183499.1184
Amberd2,2024-03-31,183528.6631
Amberd2,2024-04-01,183555.9186
Amberd2,2024-04-02,183587.0826
Amberd2,2024-04-03,183625.2823
Amberd2,2024-04-04,183684.7638
Amberd2,2024-04-05,183750.6373
Amberd2,2024-04-06,183822.0978
Amberd2,2024-04-07,183894.9744
Amberd2,2024-04-08,183962.2339
Amberd2,2024-04-09,184030.904
Amberd2,2024-04-10,184114.5643
Amberd2,2024-04-11,184210.3946
Amberd2,2024-04-12,184309.3426
Amberd2,2024-04-13,184425.7977
Amberd2,2024-04-14,184560.9166
Amberd2,2024-04-15,184693.0479
Amberd2,2024-04-16,184831.9546
Amberd2,2024-04-17,184938.4137
Amberd2,2024-04-18,184994.37660000002
Amberd2,2024-04-19,185049.8024
Amberd2,2024-04-20,185148.205
Amberd2,2024-04-21,185267.37850000002
Amberd2,2024-04-22,185375.9261
Amberd2,2024-04-23,185492.1656
Amberd2,2024-04-24,185623.1968
Amberd2,2024-04-25,185752.4344
Amberd2,2024-04-26,185898.29
Amberd2,2024-04-27,186046.5742
Amberd2,2024-04-28,186202.0025
Amberd2,2024-04-29,186357.8138
Amberd2,2024-04-30,186513.5357
Amberd2,2024-05-01,186655.721
Amberd2,2024-05-02,186788.3347
Amberd2,2024-05-03,186942.1521
Amberd2,2024-05-04,187095.7881
Amberd2,2024-05-05,187244.6203
Amberd2,2024-05-06,187353.7432
Amberd2,2024-05-07,187389.07
Amberd2,2024-05-08,187469.77730000002
Amberd2,2024-05-09,187613.16700000002
Amberd2,2024-05-10,187758.3898
Amberd2,2024-05-11,187906.98990000002
Amberd2,2024-05-12,187980.8661
Amberd2,2024-05-13,188028.8232
Amberd2,2024-05-14,188103.90600000002
Amberd2,2024-05-15,188147.6833
Amberd2,2024-05-16,188150.7592
Amberd2,2024-05-17,188180.81170000002
Amberd2,2024-05-18,188194.04320000001
Amberd2,2024-05-19,188194.0548
Amberd2,2024-05-20,188194.0548
Amberd2,2024-05-21,188194.0841
Amberd2,2024-05-22,188194.2336
Amberd2,2024-05-23,188198.1545
Amberd2,2024-05-24,188256.0759
Amberd2,2024-05-25,188337.33440000002
Amberd2,2024-05-26,188448.8769
Amberd2,2024-05-27,188591.79830000002
Amberd2,2024-05-28,188689.3046
Amberd2,2024-05-29,188805.4648
Amberd2,2024-05-30,188936.3767
Amberd2,2024-05-31,189077.9793
Amberd2,2024-06-01,189235.29940000002
Amberd2,2024-06-02,189385.36750000002
Amberd2,2024-06-03,189540.61810000017
Amberd2,2024-06-04,189696.94940000013
Amberd2,2024-06-05,189852.4203
Amberd2,2024-06-06,190008.8998
Amberd2,2024-06-07,190168.32030000002
Amberd2,2024-06-08,190329.1080000001
Amberd2,2024-06-09,190489.9578
Amberd2,2024-06-10,190650.74570000003
Amberd2,2024-06-11,190811.5001
Amberd2,2024-06-12,190958.4156
Amberd2,2024-06-13,191107.2232
Amberd2,2024-06-14,191267.9032
Amberd2,2024-06-15,191428.567
Amberd2,2024-06-16,191586.8226
Amberd2,2024-06-17,191743.4929
Amberd2,2024-06-18,191897.82630000002
Amberd2,2024-06-19,192033.5689
Amberd2,2024-06-20,192150.2988
Amberd2,2024-06-21,192276.25050000002
Amberd2,2024-06-22,192397.5934
Amberd2,2024-06-23,192481.80479999998
Amberd2,2024-06-24,192531.8462
Amberd2,2024-06-25,192569.5999
Amberd2,2024-06-26,192604.2482
Amberd2,2024-06-27,192618.3197
Amberd2,2024-06-28,192676.4414
Amberd2,2024-06-29,192824.7953
Amberd2,2024-06-30,192980.33560000002
Amberd2,2024-07-01,193080.1077
Amberd2,2024-07-02,193154.1176
Amberd2,2024-07-03,193292.9806
Amberd2,2024-07-04,193428.5082
Amberd2,2024-07-05,193558.6752
Amberd2,2024-07-06,193678.6949
Amberd2,2024-07-07,193812.87350000002
Amberd2,2024-07-08,193953.4515
Amberd2,2024-07-09,194091.3356
Amberd2,2024-07-10,194219.1026
Amberd2,2024-07-11,194326.0468
Amberd2,2024-07-12,194421.6559
Amberd2,2024-07-13,194513.344
Amberd2,2024-07-14,194600.9338
Amberd2,2024-07-15,194691.3268
Amberd2,2024-07-16,194779.1606
Amberd2,2024-07-17,194889.9407
Amberd2,2024-07-18,194982.8696
Amberd2,2024-07-19,195080.2941
Amberd2,2024-07-20,195177.39380000002
Amberd2,2024-07-21,195269.7337
Amberd2,2024-07-22,195351.4428
Amberd2,2024-07-23,195429.0633
Amberd2,2024-07-24,195507.215
Amberd2,2024-07-25,195586.871
Amberd2,2024-07-26,195664.0707
Amberd2,2024-07-27,195738.6034
Amberd2,2024-07-28,195815.6883
Amberd2,2024-07-29,195892.8309
Amberd2,2024-07-30,195964.52730000002
Amberd2,2024-07-31,196034.1865
Amberd2,2024-08-01,196101.7087
Amberd2,2024-08-02,196169.6715
Amberd2,2024-08-03,196237.148
Amberd2,2024-08-04,196305.59590000001
Amberd2,2024-08-05,196372.1581
Amberd2,2024-08-06,196435.4472
Amberd2,2024-08-07,196497.592
Amberd2,2024-08-08,196559.8137
Amberd2,2024-08-09,196618.0554
Amberd2,2024-08-10,196673.8369
Amberd2,2024-08-11,196730.1862
Amberd2,2024-08-12,196814.4198
Amberd2,2024-08-13,196882.6128
Amberd2,2024-08-14,196944.5619
Amberd2,2024-08-15,197003.35940000002
Amberd2,2024-08-16,197060.3293
Amberd2,2024-08-17,197116.6368
Amberd2,2024-08-18,197171.75530000002
Amberd2,2024-08-19,197225.4737
Amberd2,2024-08-20,197278.1073
Amberd2,2024-08-21,197330.728
Amberd2,2024-08-22,197382.0265
Amberd2,2024-08-23,197431.83220000006
Amberd2,2024-08-24,197479.7966
Amberd2,2024-08-25,197526.9268
Amberd2,2024-08-26,197576.55230000007
Amberd2,2024-08-27,197625.8565
Amberd2,2024-08-28,197668.30569999994
Amberd2,2024-08-29,197707.8419
Amberd2,2024-08-30,197753.5063
Amberd2,2024-08-31,197800.80920000002
Amberd2,2024-09-01,197849.2637
Amberd2,2024-09-02,197895.4761
Amberd2,2024-09-03,197940.5147
Amberd2,2024-09-04,197984.99550000002
Amberd2,2024-09-05,198029.4162
Amberd2,2024-09-06,198076.14070000008
Amberd2,2024-09-07,198141.6533
Amberd2,2024-09-08,198193.3629
Amberd2,2024-09-09,198242.7748
Amberd2,2024-09-10,198294.048
Amberd2,2024-09-11,198348.1322
Amberd2,2024-09-12,198398.8194
Amberd2,2024-09-13,198448.2193
Amberd2,2024-09-14,198498.5402
Amberd2,2024-09-15,198550.5279
Amberd2,2024-09-16,198600.3543
Amberd2,2024-09-17,198649.9509
Amberd2,2024-09-18,198706.4588
Amberd2,2024-09-19,198770.6887
Amberd2,2024-09-20,198832.971
Amberd2,2024-09-21,198896.4523
Amberd2,2024-09-22,198953.78679999997
Amberd2,2024-09-23,199020.6541
Amberd2,2024-09-24,199091.771
Amberd2,2024-09-25,199153.4645
Amberd2,2024-09-26,199211.1618
Amberd2,2024-09-27,199269.125
Amberd2,2024-09-28,199324.8323
Amberd2,2024-09-29,199377.42629999996
Amberd2,2024-09-30,199429.4688
Amberd2,2024-10-01,199480.02980000002
Amberd2,2024-10-02,199532.41070000012
Amberd2,2024-10-03,199590.4941
Amberd2,2024-10-04,199644.207
Amberd2,2024-10-05,199697.36439999996
Amberd2,2024-10-06,199747.98649999997
Amberd2,2024-10-07,199797.8319
Amberd2,2024-10-08,199847.1576
Amberd2,2024-10-09,199897.3623
Amberd2,2024-10-10,199946.81980000003
Amberd2,2024-10-11,199996.4117
Amberd2,2024-10-12,200053.2588
Amberd2,2024-10-13,200106.22240000003
Amberd2,2024-10-14,200173.0221
Amberd2,2024-10-15,200233.5467
Amberd2,2024-10-16,200289.8499
Amberd2,2024-10-17,200344.1419
Amberd2,2024-10-18,200373.71139999994
Amberd2,2024-10-19,200396.1921
Amberd2,2024-10-20,200416.6535
Amberd2,2024-10-21,200435.62910000002
Amberd2,2024-10-22,200452.5021
Amberd2,2024-10-23,200468.3554
Amberd2,2024-10-24,200492.08740000002
Amberd2,2024-10-25,200545.2355
Amberd2,2024-10-26,200600.9603
Amberd2,2024-10-27,200653.44340000002
Amberd2,2024-10-28,200706.4958
Amberd2,2024-10-29,200760.2894
Amberd2,2024-10-30,200813.5168
Amberd2,2024-10-31,200865.59269999998
Amberd2,2024-11-01,200916.81
Amberd2,2024-11-02,200967.3452
Amberd2,2024-11-03,201017.5439
Amberd2,2024-11-04,201068.1121
Amberd2,2024-11-05,201117.8285
Amberd2,2024-11-06,201161.1587
Amberd2,2024-11-07,201214.5674
Amberd2,2024-11-08,201265.2074
Amberd2,2024-11-09,201314.198
Amberd2,2024-11-10,201362.5148
Amberd2,2024-11-11,201411.97970000003
Amberd2,2024-11-12,201461.76700000002
Amberd2,2024-11-13,201510.0839
Amberd2,2024-11-14,201557.00130000006
Amberd2,2024-11-15,201604.0257
Amberd2,2024-11-16,201652.1546
Amberd2,2024-11-17,201699.6973
Amberd2,2024-11-18,201749.6957
Amberd2,2024-11-19,201800.6355
Amberd2,2024-11-20,201850.5845
Amberd2,2024-11-21,201899.3278
Amberd2,2024-11-22,201947.7034
Amberd2,2024-11-23,201996.2692
Amberd2,2024-11-24,202045.1712
Amberd2,2024-11-25,202094.233
Amberd2,2024-11-26,202143.7016
Amberd2,2024-11-27,202192.8757
Amberd2,2024-11-28,202234.753
Amberd2,2024-11-29,202270.9781
Amberd2,2024-11-30,202319.00350000002
Amberd2,2024-12-01,202370.11020000002
Amberd2,2024-12-02,202422.2369
Amberd2,2024-12-03,202471.8657
Amberd2,2024-12-04,202519.8062
Amberd2,2024-12-05,202569.5372
Amberd2,2024-12-06,202619.31110000002
Amberd2,2024-12-07,202666.96190000008
Amberd2,2024-12-08,202715.3323
Amberd2,2024-12-09,202764.39210000003
Amberd2,2024-12-10,202813.0039
Amberd2,2024-12-11,202861.6968
Amberd2,2024-12-12,202910.8949
Amberd2,2024-12-13,202956.37420000002
Amberd2,2024-12-14,202988.0264
Amberd2,2024-12-15,203013.30230000004
Amberd2,2024-12-16,203076.3728
Amberd2,2024-12-17,203138.0705
Amberd2,2024-12-18,203193.3038
Amberd2,2024-12-19,203240.78660000002
Amberd2,2024-12-20,203293.08830000012
Amberd2,2024-12-21,203342.26570000002
Amberd2,2024-12-22,203392.03040000002
Amberd2,2024-12-23,203442.14549999998
Amberd2,2024-12-24,203492.6985
Amberd2,2024-12-25,203543.0913
Amberd2,2024-12-26,203592.8433
Amberd2,2024-12-27,203641.9676
Amberd2,2024-12-28,203692.01700000002
Amberd2,2024-12-29,203742.9858
Amberd2,2024-12-30,203792.8127
Amberd2,2024-12-31,203842.07140000002
Amberd2,2025-01-01,203891.01890000002
Amberd2,2025-01-02,203939.7055
Amberd2,2025-01-03,203988.1589
Amberd2,2025-01-04,204036.6032
Amberd2,2025-01-05,204084.94660000002
Amberd2,2025-01-06,204133.06470000008
Amberd2,2025-01-07,204180.5692
Amberd2,2025-01-08,204227.6837
Amberd2,2025-01-09,204275.4066
Amberd2,2025-01-10,204322.97650000002
Amberd2,2025-01-11,204368.9089
Amberd2,2025-01-12,204413.2408
Amberd2,2025-01-13,204456.8858
Amberd2,2025-01-14,204501.0555000002
Amberd2,2025-01-15,204545.8127
Amberd2,2025-01-16,204590.7992
Amberd2,2025-01-17,204635.1185
Amberd2,2025-01-18,204677.9207
Amberd2,2025-01-19,204720.4506
Amberd2,2025-01-20,204765.03370000003
Amberd2,2025-01-21,204811.0788
Amberd2,2025-01-22,204856.0636
Amberd2,2025-01-23,204899.4083
Amberd2,2025-01-24,204942.5309
Amberd2,2025-01-25,204985.3147
Amberd2,2025-01-26,205027.6716
Amberd2,2025-01-27,205069.9632
Amberd2,2025-01-28,205111.35340000005
Amberd2,2025-01-29,205152.3379
Amberd2,2025-01-30,205193.5097
Amberd2,2025-01-31,205234.73450000002
Amberd2,2025-02-01,205276.3663
Amberd2,2025-02-02,8554.08395
